-- Adminer 4.8.1 MySQL 5.5.5-10.11.2-MariaDB-1:10.11.2+maria~ubu2204 dump

SET NAMES utf8;
SET time_zone = '+00:00';
SET foreign_key_checks = 0;
SET sql_mode = 'NO_AUTO_VALUE_ON_ZERO';

SET NAMES utf8mb4;

DROP TABLE IF EXISTS `authorization`;
CREATE TABLE `authorization` (
  `token` varchar(36) NOT NULL,
  `id_user` varchar(36) NOT NULL,
  `created_at` timestamp NOT NULL,
  PRIMARY KEY (`token`),
  KEY `FK_Authorization_User_idx` (`id_user`),
  CONSTRAINT `FK_Authorization_User` FOREIGN KEY (`id_user`) REFERENCES `user` (`id_user`)
) ENGINE=InnoDB DEFAULT CHARSET=utf8mb4 COLLATE=utf8mb4_unicode_ci;


DROP TABLE IF EXISTS `comment`;
CREATE TABLE `comment` (
  `id_comment` varchar(36) NOT NULL,
  `id_user` varchar(36) NOT NULL,
  `id_resource` varchar(36) NOT NULL,
  `content` varchar(250) NOT NULL,
  `created_at` timestamp NOT NULL,
  PRIMARY KEY (`id_comment`),
  KEY `FK_Comment_User_idx` (`id_user`),
  KEY `FK_Comment_Resource_idx` (`id_resource`),
  CONSTRAINT `FK_Comment_Resource` FOREIGN KEY (`id_resource`) REFERENCES `resource` (`id_resource`),
  CONSTRAINT `FK_Comment_User` FOREIGN KEY (`id_user`) REFERENCES `user` (`id_user`)
) ENGINE=InnoDB DEFAULT CHARSET=utf8mb4 COLLATE=utf8mb4_unicode_ci;

INSERT INTO `comment` (`id_comment`, `id_user`, `id_resource`, `content`, `created_at`) VALUES
('00d60ab5-336e-4ca7-9d3c-00be87bf54dc',	'cf640723-d4f3-444c-910c-c5ba2aada28a',	'fa62f1e4-0aec-4030-b1c5-e508ce14f33a',	'Est doloremque dicta enim. Quisquam ipsam dolores incidunt hic et dolorum optio tempora. Beatae voluptas ut est rerum sequi nisi qui nesciunt. Perspiciatis molestias totam expedita aliquam aut asperiores.',	'2023-04-11 10:40:31'),
('01b7c82f-5761-4de9-851e-bdcbe0610ca1',	'4c1fee80-eecb-47ef-9042-c7a5330371bb',	'5d855a7e-c0b4-4eaa-90fa-4d1314ea11d3',	'Provident maiores voluptates quis mollitia ea. Expedita est culpa quas incidunt. Ad dolorem autem et est dolorum.',	'2023-04-11 10:40:33'),
('01c4d39f-752e-4b6c-a656-498f3e7e1c16',	'e099908d-5b0e-42d6-8e9b-2b299570a476',	'18d10fae-af60-4b93-82e5-33c16d6b0a09',	'Quis deleniti velit odit ipsam. In fuga cupiditate cupiditate quas eius ducimus. Velit quas sit aliquam iusto harum facilis. Dignissimos placeat voluptatem eos aut nam quo.',	'2023-04-11 10:40:25'),
('03639d14-a262-4b16-ad92-2e324500fda1',	'3093f2f6-0598-437d-80ea-5541df959601',	'7dfd5d7d-3346-4fdf-850e-a66ca8260f5b',	'Et voluptas voluptate temporibus soluta qui. Velit sed tenetur voluptatibus maiores autem vero inventore. Quia aliquid quaerat libero et perspiciatis non.',	'2023-04-11 10:40:45'),
('03d30b16-4eef-4267-81dc-5d2095dbdc66',	'3093f2f6-0598-437d-80ea-5541df959601',	'a0c40e04-a331-442e-9d3b-80acf8b6ef5c',	'Fugit sed aut explicabo autem dolore sed. In vel est hic cum similique. Facilis sapiente sed quae. Impedit est quo odio aspernatur. In temporibus voluptas libero quis quia officia molestias nemo.',	'2023-04-11 10:40:45'),
('04ffb5bd-3268-429e-819b-e29115e6a150',	'c3d2b52f-e38f-454a-b56a-b73fba9e9f99',	'282c3c29-52b3-44f7-9f19-865884fca2ff',	'Qui voluptatum et explicabo et asperiores doloribus est. Delectus reiciendis sunt explicabo suscipit assumenda nesciunt quam. Et dolorum fugiat assumenda nihil. Dolores distinctio ut sunt.',	'2023-04-11 10:40:48'),
('06364a38-1561-4e7e-bd1d-52d76d82a99b',	'ab9d2bbd-b01a-4a9f-b8a7-1667646bac42',	'1398c7c5-7de3-4625-b74c-e6d5565110f0',	'Consequatur dolores in ea et aut in aliquam. Corrupti dolor deserunt in quod voluptatem. Explicabo voluptatibus blanditiis commodi quod. Quas quis nobis quo beatae dolores.',	'2023-04-11 10:40:36'),
('075d2c73-e4af-40fa-87ee-4f51b4d41616',	'e099908d-5b0e-42d6-8e9b-2b299570a476',	'65b93b8a-a488-4103-afad-2eb11430832b',	'Soluta molestias ex itaque quas reprehenderit. Atque labore ullam earum optio. Deleniti atque reprehenderit earum eos dolores. Neque quisquam qui blanditiis eum et quidem at.',	'2023-04-11 10:40:27'),
('09776d84-3c0a-4fcc-a6af-b9e13a580250',	'3093f2f6-0598-437d-80ea-5541df959601',	'e2c5747a-7eb9-4acc-ba62-4546948f6216',	'Ratione aut odit libero possimus labore esse iusto reiciendis. Explicabo rerum repellendus sit voluptate. Voluptatum tenetur non necessitatibus sed amet omnis.',	'2023-04-11 10:40:44'),
('09ae424e-07d9-4d93-8c53-a2322cded8cd',	'e099908d-5b0e-42d6-8e9b-2b299570a476',	'01187f34-275c-4556-b3b2-b17e6f761ae7',	'Veniam officia cum rerum occaecati quidem a. Maxime dolores consectetur repellat perferendis. Ex nemo eveniet fugit deleniti. Blanditiis eligendi officiis vitae consectetur qui perspiciatis magni.',	'2023-04-11 10:40:25'),
('09b2ab7a-da3b-4c63-aee8-bcf5b311f7b7',	'166a0ea0-f5c9-4e90-9c5a-6c36b1c2b10c',	'4a5f7bc9-acba-46d3-975b-ae655aa47a5e',	'Maxime voluptate et temporibus quis sequi. Quasi voluptatem sed sequi eos vitae vero doloribus. Nostrum ut provident voluptatum.',	'2023-04-11 10:40:22'),
('0aaf8d17-7665-410f-9063-a324ba253b05',	'c3d2b52f-e38f-454a-b56a-b73fba9e9f99',	'ce7cbb57-efe0-4117-8951-c7c75979e2d5',	'Optio facere dolor excepturi id sint aliquid qui. Sint incidunt tenetur et veniam id. Ex ullam et asperiores accusantium architecto nam. Sed dolor delectus qui nobis esse libero qui.',	'2023-04-11 10:40:46'),
('0b1ef188-6df1-4880-b74f-0473987092e6',	'166a0ea0-f5c9-4e90-9c5a-6c36b1c2b10c',	'232b4aa3-768a-43bf-99e4-6e4e2ac7bf96',	'Quibusdam excepturi ipsa expedita dolor. Nam sunt pariatur quia est nihil at amet.',	'2023-04-11 10:40:23'),
('0be34445-0d30-4c70-99c5-39734ebb5aab',	'cf640723-d4f3-444c-910c-c5ba2aada28a',	'd85fc473-12df-49f5-b1a4-1b42a961b5bf',	'Sit velit alias ea voluptatum eaque dolorem. Omnis nesciunt ut fuga corrupti fuga reiciendis voluptatem. Non consectetur id libero nihil totam possimus excepturi architecto.',	'2023-04-11 10:40:32'),
('0ceaa7d9-b28f-4833-a161-1a7b8f92e765',	'ab9d2bbd-b01a-4a9f-b8a7-1667646bac42',	'1d8599d1-8695-458f-802c-9303e0d12c9c',	'Ducimus nostrum voluptatem ducimus error vitae. Est et quos iusto blanditiis dolores. Dolorum quos autem dolorum vero est vel hic.',	'2023-04-11 10:40:37'),
('0e09b4be-7148-4ddb-85c4-6e76764421af',	'cf640723-d4f3-444c-910c-c5ba2aada28a',	'8f3eb31b-4f0d-44f0-b133-958350c71dea',	'Magnam nihil maiores ipsum hic officiis inventore. Est accusantium veniam suscipit esse. Accusamus inventore voluptatem alias delectus vel nulla accusantium.',	'2023-04-11 10:40:31'),
('0e376cad-1a3d-4c46-8751-6b4a9e0debfc',	'd9391056-02c5-4ea7-8084-1a94e69685f6',	'1eaa3082-919e-46dd-98c7-609a1eda0464',	'Illo sequi sit adipisci. Et est ut sunt. Expedita dolorem expedita molestiae hic ut enim. Maxime repellendus repudiandae dolore inventore cum omnis eos.',	'2023-04-11 10:40:50'),
('0ed0f167-1548-4947-95d6-4ff6e404006a',	'ab9d2bbd-b01a-4a9f-b8a7-1667646bac42',	'2717160e-b039-4aa0-a49f-a55bba17cfb2',	'Et dicta non sed ab praesentium eos. Eius sit vitae rerum. Blanditiis at dolor consequuntur qui qui dolor voluptatem. Ut eius consequatur tempore sed.',	'2023-04-11 10:40:37'),
('103b161c-6910-482f-9317-292dfbea0456',	'778abb31-ef75-498f-9adb-7346b7c33b09',	'591e9f5c-924e-47de-80c2-1e8c0aa9d902',	'Aliquid ullam numquam dicta sunt quisquam cumque optio. Facilis libero perferendis ex cupiditate ullam cum. Cum et recusandae omnis aut. Consequatur aut sit nihil dolorum.',	'2023-04-11 10:40:11'),
('1278ae30-4bfd-4fb8-8c28-c5586a06f8f3',	'4c1fee80-eecb-47ef-9042-c7a5330371bb',	'5d855a7e-c0b4-4eaa-90fa-4d1314ea11d3',	'Omnis molestiae expedita sit aut. Omnis ut a nulla in provident tempora odio non. Nam occaecati possimus praesentium corrupti.',	'2023-04-11 10:40:33'),
('139e2875-7e08-43ef-baa5-7ef800b988fb',	'778abb31-ef75-498f-9adb-7346b7c33b09',	'f483aee5-e3a6-44f7-9ad9-1b18fee758ab',	'Sunt exercitationem quis architecto inventore aliquam. Aperiam totam eaque vitae at soluta enim. Dolor earum omnis expedita.',	'2023-04-11 10:40:13'),
('167e4d0e-0b35-4629-9c30-b45fca29a83f',	'cf640723-d4f3-444c-910c-c5ba2aada28a',	'46b7b510-475d-44d1-837f-7d50e150fc1c',	'Adipisci exercitationem et nihil. Magnam iusto hic consectetur labore cumque. Voluptas rerum at eum ducimus non in totam.',	'2023-04-11 10:40:29'),
('17ab9657-a04e-4d8a-9697-8858d8b320fd',	'cf640723-d4f3-444c-910c-c5ba2aada28a',	'aeee1a61-115d-428b-a50a-1b02ec5a16f9',	'Consectetur sequi consequatur dignissimos odit debitis aliquam eius. Eaque similique perspiciatis ut sint nemo delectus. Sed qui eveniet sequi dolore amet. Esse maxime quo modi ipsam.',	'2023-04-11 10:40:30'),
('17b404b3-2b4e-41ed-8fa6-5fe10bfc1754',	'778abb31-ef75-498f-9adb-7346b7c33b09',	'572accc9-94e8-4e7e-85ae-e96f5ca70b81',	'Est quis dignissimos et harum ut provident. Tenetur provident molestiae ab aut. Sunt est rerum voluptatem velit mollitia saepe. Omnis perspiciatis totam magnam.',	'2023-04-11 10:40:14'),
('185ce222-aaf0-4ee4-bb0d-a860e70832ed',	'e099908d-5b0e-42d6-8e9b-2b299570a476',	'2de87129-5d40-4474-8cfa-9e205a790b4f',	'Id rem molestiae voluptas aliquam consequuntur dolore id. Totam minus quasi autem inventore quia ad. Aut quis ut est officiis rerum necessitatibus excepturi itaque.',	'2023-04-11 10:40:25'),
('1a266ec9-f875-4d44-9e4d-d749761b31b2',	'778abb31-ef75-498f-9adb-7346b7c33b09',	'ad734586-4614-4108-aa80-443c2ff6ade4',	'Alias repellat omnis amet tempora aliquid corrupti quaerat. Ut error fugit minima doloribus est fugiat. Et harum quia exercitationem. Cumque sint alias animi dolor accusamus quo tempora libero.',	'2023-04-11 10:40:12'),
('1b9b8293-ebd6-48c8-9754-b055add8a167',	'cf640723-d4f3-444c-910c-c5ba2aada28a',	'6e23bc17-92df-46aa-b56f-807e9e2816b3',	'Fugit eligendi sunt doloremque et eligendi accusantium. Qui quos ipsa reiciendis cupiditate ut ut. Dolore deserunt ut qui repellendus vero doloribus magni.',	'2023-04-11 10:40:29'),
('1c363507-66ce-4880-a0ee-7203ad7730bb',	'166a0ea0-f5c9-4e90-9c5a-6c36b1c2b10c',	'8e540dc8-b4bd-4c39-8ffb-4d1ff064a65e',	'Est quaerat sit nostrum quasi. Aut quas ut sunt accusantium tempora alias sunt dolorem. Molestiae voluptas cupiditate hic non placeat delectus quae voluptas.',	'2023-04-11 10:40:24'),
('1ca8cc1c-0f77-4f51-ab54-aae572550a1e',	'd9391056-02c5-4ea7-8084-1a94e69685f6',	'33ba816d-8b07-40c5-ba18-9dcc21532f15',	'Ea consectetur ullam omnis distinctio excepturi. Ut inventore similique rerum provident. Aut dicta voluptates eum cupiditate est. Enim amet magni fugit culpa autem nam quo.',	'2023-04-11 10:40:51'),
('1d494ff6-c035-49f6-a585-37279112b785',	'3093f2f6-0598-437d-80ea-5541df959601',	'9a317ca1-dd0c-48f1-9096-f50970520053',	'Qui architecto et est ex. Voluptatem tempora tenetur ea velit. Excepturi laboriosam unde tempore similique mollitia rerum nesciunt.',	'2023-04-11 10:40:45'),
('1f4ea71b-c91a-4fa1-87fb-e35da7fb6fdf',	'4c1fee80-eecb-47ef-9042-c7a5330371bb',	'4f88851a-f58b-4ce2-96fb-008f29c3579a',	'Culpa optio ipsum commodi enim reiciendis reiciendis quae. Soluta quia aut temporibus expedita accusantium accusamus voluptatem. Perferendis eligendi tenetur totam et provident facere tempore nihil.',	'2023-04-11 10:40:35'),
('1f6b618b-1a76-4b07-9a1b-22b7a92c0a76',	'778abb31-ef75-498f-9adb-7346b7c33b09',	'21a34bc6-d462-4f50-b9c0-bc8512c8128d',	'Quaerat ipsum quaerat non nam sunt accusantium libero. Cum similique veniam similique magnam quidem natus quia. Omnis ipsa vel necessitatibus labore qui.',	'2023-04-11 10:40:14'),
('1f9aaf25-f280-451d-85c5-ff139ebae043',	'c3d2b52f-e38f-454a-b56a-b73fba9e9f99',	'1e06d202-bf61-42ce-b281-afddd800161b',	'Optio nihil deleniti aut voluptatibus molestiae dolorem accusamus. Quia eos et maiores facilis odio iste quia. Totam quos excepturi porro. Ad vitae error sed quis fugiat.',	'2023-04-11 10:40:47'),
('21c77449-63f6-4918-8104-df0b349ba21e',	'd9391056-02c5-4ea7-8084-1a94e69685f6',	'b5481f2c-d97c-4bc7-a111-0e1651409e23',	'Odio magnam debitis molestiae laboriosam voluptatum. Fugit qui quis occaecati velit quo est qui. Pariatur deserunt deleniti omnis accusamus et atque saepe qui.',	'2023-04-11 10:40:53'),
('22b17886-8933-4343-8181-cd6065efd123',	'ab9d2bbd-b01a-4a9f-b8a7-1667646bac42',	'd00f95ab-c43d-45e0-a156-fd96661986ad',	'Enim tempora molestiae accusantium aut et a. Exercitationem labore asperiores expedita et aliquam sed saepe. Magni ipsam molestiae in illum odit ut at.',	'2023-04-11 10:40:36'),
('22e1a958-78b6-41aa-8aaa-5b9a837844c4',	'166a0ea0-f5c9-4e90-9c5a-6c36b1c2b10c',	'1d27f12d-af71-4e92-9c8f-56f4339e9c94',	'Ducimus sint vel et aut odio. Illum nulla labore voluptates est. Optio dolorem impedit quis ut et quia architecto. Sint voluptates sed assumenda.',	'2023-04-11 10:40:23'),
('24484b14-a20a-4468-99a1-a4093a66fc09',	'4c1fee80-eecb-47ef-9042-c7a5330371bb',	'a54a0b4a-aecb-47ae-a083-8f2c1c334f58',	'Neque et animi facere. Iusto qui dolorem voluptatem necessitatibus consequatur consequuntur.',	'2023-04-11 10:40:34'),
('24b1f49b-2245-4e44-b091-cf49ebd344fb',	'778abb31-ef75-498f-9adb-7346b7c33b09',	'7c61fa4f-1281-4409-b695-874ad4bd1933',	'Cupiditate repellat iure pariatur possimus facilis quisquam natus. Magnam nostrum expedita ullam illum est porro. Tempore rerum unde officiis mollitia vel eveniet aut. Consectetur omnis pariatur ullam non numquam est totam.',	'2023-04-11 10:40:13'),
('258c784c-5ae6-43aa-9fde-62bbf7017bb4',	'ab9d2bbd-b01a-4a9f-b8a7-1667646bac42',	'88edf19a-5046-4366-be6b-28c644a4aeab',	'Nulla deserunt nemo non aperiam quia inventore optio. Enim officia reiciendis assumenda aut delectus dicta incidunt. Voluptates voluptate magnam sit eum excepturi eum id modi. Quis delectus ut sint nihil nulla sit.',	'2023-04-11 10:40:38'),
('26c91372-1ea6-458c-b05a-435a4c67242f',	'c3d2b52f-e38f-454a-b56a-b73fba9e9f99',	'6decd15a-d102-4803-aeeb-d60a1a4d4b3f',	'Commodi vel harum vitae est blanditiis officiis. Id iusto ut accusantium consequatur esse hic. Quidem atque itaque illum sit enim est. Distinctio et ut pariatur officia. Dignissimos non esse odit quisquam et distinctio odit.',	'2023-04-11 10:40:48'),
('27d09b6c-fc95-458d-ac3c-0166ade65040',	'e099908d-5b0e-42d6-8e9b-2b299570a476',	'3165f08b-9c94-413f-a91b-cd35649d53d6',	'Debitis placeat quas sed quasi consequatur modi. Nam temporibus magnam impedit voluptates est. Incidunt deleniti et temporibus.',	'2023-04-11 10:40:26'),
('28518a1b-e015-499a-8b47-ed38f5173510',	'c3d2b52f-e38f-454a-b56a-b73fba9e9f99',	'c2df1c22-9fa9-4393-8023-e561feb13859',	'Dignissimos enim itaque officiis quis et eum rerum. Unde aspernatur minima amet similique eius sit quod et. Ea aliquid maiores sunt et. Fugiat aspernatur nam modi exercitationem ullam iure.',	'2023-04-11 10:40:49'),
('287800e2-4ed0-465e-bf5b-3b6b8e12d6d7',	'3093f2f6-0598-437d-80ea-5541df959601',	'80969e50-8c76-417d-8296-dee70ea8fe79',	'Sit suscipit voluptatem omnis voluptates ut modi consectetur. Dolores qui eum voluptates quia minus. Architecto tempore blanditiis ducimus praesentium qui et vel. Corrupti sit et quis labore eligendi sed.',	'2023-04-11 10:40:43'),
('2878df80-d6e2-4d1a-bcdc-8b1ce4c5657b',	'c3d2b52f-e38f-454a-b56a-b73fba9e9f99',	'ce7cbb57-efe0-4117-8951-c7c75979e2d5',	'Maiores omnis itaque aliquid eligendi et non sunt. Atque dolor ducimus quos occaecati non consequatur ipsa. Asperiores corrupti id quo vel. Quidem veniam rerum iusto sint neque aut fuga.',	'2023-04-11 10:40:46'),
('2a369fc6-4f36-489c-8078-dce92cadb9f2',	'c7d3c1fa-d81d-4cb4-a2a4-400ead517b06',	'526f1f7c-acdb-48a4-8832-dbfd9543d282',	'Dolor consequatur eum pariatur. Vel veritatis laudantium ab officiis fugiat. Provident sunt aliquid error.',	'2023-04-11 10:40:17'),
('2c29709c-9fac-4e93-9bde-7ec203774a13',	'166a0ea0-f5c9-4e90-9c5a-6c36b1c2b10c',	'969555cb-f334-4adc-8d96-912c33a0a1ec',	'Tempora sed aut ipsa. Aut et est totam qui. Quam assumenda maiores exercitationem enim. Velit ut deserunt rerum doloribus voluptate. Voluptate tempora est enim voluptatem eligendi vitae ut porro.',	'2023-04-11 10:40:22'),
('2c39fc40-935a-49c3-a7d3-72d0a9a4a43d',	'ab465e62-d09f-4d5c-84ff-32c95b3d9cf8',	'63c94b3e-1ebc-471f-9b52-88cedc4d6a1e',	'Voluptatem porro non voluptatem. Rem consequuntur deleniti voluptates et. Laudantium nisi voluptate voluptas qui.',	'2023-04-11 10:40:41'),
('2d383ef5-913e-4338-b94e-f2536c603f76',	'778abb31-ef75-498f-9adb-7346b7c33b09',	'21a34bc6-d462-4f50-b9c0-bc8512c8128d',	'Soluta officia modi ut et aperiam aut. Voluptate sunt voluptatum in qui. Aspernatur eveniet eaque aspernatur qui eum. Mollitia quia nulla dolorum laboriosam.',	'2023-04-11 10:40:14'),
('2da7241f-a905-4386-8012-c6edd5afb586',	'778abb31-ef75-498f-9adb-7346b7c33b09',	'f483aee5-e3a6-44f7-9ad9-1b18fee758ab',	'Optio veniam consequatur atque nihil laboriosam voluptatibus inventore. Voluptatem vero recusandae modi ducimus. Sit incidunt ut et assumenda dicta dolor praesentium voluptate. Ut itaque sed et doloremque neque itaque a.',	'2023-04-11 10:40:13'),
('2e12d17f-f6e1-4e48-b459-ce52728fe12f',	'e099908d-5b0e-42d6-8e9b-2b299570a476',	'a15470e8-de33-4e6d-b0a3-a7c99158deda',	'Sint sit dignissimos quia blanditiis totam. Vel sed rem odit sint. Dolor porro ut at sint quasi quis. Et dolores eligendi totam temporibus ut ut.',	'2023-04-11 10:40:25'),
('2e38693a-5738-4964-b96d-428613a9f980',	'ab465e62-d09f-4d5c-84ff-32c95b3d9cf8',	'ae7ba4cb-b820-4100-ad4d-5aca9622222f',	'Asperiores adipisci impedit quia modi rerum et. Laboriosam molestiae placeat aspernatur aut incidunt maiores explicabo ad. Amet a aut modi dolorem perspiciatis et.',	'2023-04-11 10:40:42'),
('2e6a6688-2fbd-45ee-a693-11da9e56d03f',	'd9391056-02c5-4ea7-8084-1a94e69685f6',	'9ce81438-817f-49fc-965c-522d565f2875',	'Explicabo voluptas officiis illo eius quas. Veniam iusto voluptates dolorum optio tenetur cum esse modi. Commodi itaque quia explicabo temporibus et expedita. Id ut placeat pariatur atque.',	'2023-04-11 10:40:52'),
('30c0f638-7782-4350-899f-49664bc36aaf',	'cf640723-d4f3-444c-910c-c5ba2aada28a',	'5041f26d-0635-48e9-9b2c-44c63eff763f',	'Facere minus quis nam occaecati sed. Ad odio voluptatibus aut est alias aut beatae et. Assumenda quaerat molestiae sed ad placeat non aut. Et nesciunt omnis odio voluptatibus earum.',	'2023-04-11 10:40:29'),
('30dfb7c3-ee6f-4dcf-90f0-797c8a77da2c',	'3093f2f6-0598-437d-80ea-5541df959601',	'3cfd6df8-7761-41f4-b7c0-cfe594cbda07',	'Explicabo eveniet ut doloremque voluptatem dolor repellat. Qui ut ea consequatur tenetur placeat. Autem omnis ipsa minima repellendus consequuntur consectetur non. Hic cumque tenetur ipsa consequuntur.',	'2023-04-11 10:40:43'),
('314e0877-e36d-4f1d-9104-3bff1a8506d2',	'c7d3c1fa-d81d-4cb4-a2a4-400ead517b06',	'98dd1f9b-0487-4fc6-9ce4-0f86bc4ef6e2',	'Ad veniam maiores vel omnis nam quae quos. Vitae eaque in consequatur et. Nobis ad repudiandae neque aliquid. Magnam recusandae sunt sit sequi.',	'2023-04-11 10:40:18'),
('318c07b7-0f11-4af1-8ff6-640da27415a0',	'778abb31-ef75-498f-9adb-7346b7c33b09',	'0f975ab8-d6ae-4134-aa42-f71ad2bcf411',	'Dolores beatae a tenetur amet. Molestiae nesciunt aspernatur exercitationem ut sed quo voluptatem similique. Ea quibusdam reiciendis qui maiores asperiores cupiditate. Soluta rerum voluptatem quaerat autem.',	'2023-04-11 10:40:14'),
('31cabeff-0f54-4302-87f1-56ef38349171',	'c7d3c1fa-d81d-4cb4-a2a4-400ead517b06',	'a98ef202-117c-4973-a389-c5858d712688',	'Ullam qui quasi neque. Tenetur fuga quo officiis voluptatem eos dicta explicabo. Ipsa nam reprehenderit repellendus libero et impedit.',	'2023-04-11 10:40:16'),
('3301085c-dd66-4f40-881c-f19f8050eb89',	'c3d2b52f-e38f-454a-b56a-b73fba9e9f99',	'c2df1c22-9fa9-4393-8023-e561feb13859',	'Ex voluptatem odit qui est. Eos ut ab voluptates id quo. Vitae recusandae et a eum enim reprehenderit.',	'2023-04-11 10:40:49'),
('3427299a-3f06-4d04-b498-bf9c070c1606',	'4c1fee80-eecb-47ef-9042-c7a5330371bb',	'553db3c5-7cd6-478c-a83e-e824ef098d1f',	'Ut deleniti rerum eaque qui. Ipsa rem vitae tempora minima reprehenderit odio. Nam quia eaque recusandae explicabo aspernatur. Et esse aut veniam molestiae architecto ut magni.',	'2023-04-11 10:40:33'),
('351ce273-d591-4707-a55b-45ea231f9d26',	'166a0ea0-f5c9-4e90-9c5a-6c36b1c2b10c',	'd3c63573-36dc-48c5-bd0d-9fa15f173feb',	'Dolorem perspiciatis non quos quibusdam dolor. Exercitationem vel eum expedita sint voluptatem consequatur accusamus.',	'2023-04-11 10:40:24'),
('353edb4b-e2e2-4e9c-90de-baa28f631210',	'c7d3c1fa-d81d-4cb4-a2a4-400ead517b06',	'36d52e02-cc10-4055-a974-dfa159d4a19d',	'Id et natus temporibus corporis atque qui ipsa. Consequatur soluta expedita illo minima mollitia. Omnis ad et fuga incidunt omnis. Nihil ex consequuntur autem et voluptatem et sequi.',	'2023-04-11 10:40:18'),
('35e653bc-414a-4000-88a8-6b7170e40342',	'cf640723-d4f3-444c-910c-c5ba2aada28a',	'eecac220-1fa3-4395-b6be-c3f09f1c29c0',	'Non laboriosam voluptas voluptate qui molestiae. Id accusamus deserunt aspernatur amet quis.',	'2023-04-11 10:40:29'),
('35fbd8ac-cdff-461a-bae2-162294dda316',	'c7d3c1fa-d81d-4cb4-a2a4-400ead517b06',	'ebc834e5-c002-48fa-9b4f-76da86f35c9c',	'Necessitatibus hic voluptas et est ipsam amet et omnis. Inventore quia ratione quia id. Eos ad dolores consequatur aut.',	'2023-04-11 10:40:17'),
('36074a14-9899-4e6a-ade0-efc4d9058ec4',	'ab9d2bbd-b01a-4a9f-b8a7-1667646bac42',	'd6838eb9-55a9-458b-a77e-e4b68fc41a91',	'Error quo dolorem aut. Facere velit voluptate corrupti. Mollitia rerum quis sit inventore. Aut dolorem voluptas sunt ut. Consequatur illum enim voluptatem quod nisi et. Eius est deserunt hic qui eum.',	'2023-04-11 10:40:36'),
('374638b2-bef6-4b5c-885d-3dd46820e950',	'e099908d-5b0e-42d6-8e9b-2b299570a476',	'01187f34-275c-4556-b3b2-b17e6f761ae7',	'Nam ut sunt aut aliquid ex id odit. Delectus tempora rerum reprehenderit aut qui deserunt ex sapiente. Dolorum qui dicta in maxime explicabo. Minus eaque dicta perferendis atque quo aut.',	'2023-04-11 10:40:25'),
('37843ba4-d50e-4d72-8f86-65796c75ba23',	'e099908d-5b0e-42d6-8e9b-2b299570a476',	'2602f6df-49be-4d92-8cdf-46d4dddb7b64',	'Voluptatem minus possimus repudiandae quia veritatis. Quis maiores dolor autem in eveniet nostrum. Aperiam aut ipsa maiores consectetur iusto porro.',	'2023-04-11 10:40:27'),
('392b61f6-5a3e-4ee8-8ffe-2e04b3ed80e1',	'e099908d-5b0e-42d6-8e9b-2b299570a476',	'99043fdc-527e-4e5d-baa7-09fc23754d9a',	'Placeat aperiam sapiente voluptatem eos suscipit eos. Quaerat saepe porro et dolores sed aut quidem. Ipsa dicta dolor in ratione dolorum. Repellendus voluptas iure occaecati et ut doloribus.',	'2023-04-11 10:40:26'),
('392edf95-ec90-45ee-9c86-1574e43b9b92',	'778abb31-ef75-498f-9adb-7346b7c33b09',	'591e9f5c-924e-47de-80c2-1e8c0aa9d902',	'Aut odit occaecati perferendis est dicta. Quas debitis quam voluptatem rerum enim. Quis vel fugiat quia corporis. Aut libero praesentium ratione dolore officia.',	'2023-04-11 10:40:11'),
('3a3ebe2b-f1ee-420b-baf8-8e59f663df30',	'ab9d2bbd-b01a-4a9f-b8a7-1667646bac42',	'047eb157-3ab3-4fa3-a8b8-edfbf1a88f7d',	'Consequatur voluptatem aperiam illum aut sunt impedit blanditiis aliquam. Qui ut nisi quae accusantium commodi. Nihil assumenda blanditiis quia ipsa.',	'2023-04-11 10:40:38'),
('3aacb541-f677-4315-804c-9723b261763e',	'778abb31-ef75-498f-9adb-7346b7c33b09',	'77f81e0f-d6e3-4be2-a666-88b6170fa431',	'Facilis in suscipit sed omnis. Minus incidunt ullam voluptates cupiditate minima. Sed ab odio error natus hic. Sequi molestiae qui libero consequuntur ab impedit sint.',	'2023-04-11 10:40:12'),
('3bd78ae2-8ba5-40f7-82f2-0dc67f5bb135',	'ab465e62-d09f-4d5c-84ff-32c95b3d9cf8',	'4cad2662-cafc-4755-8f32-d9a1f99b63e4',	'Omnis similique sed illum fuga sunt. Iusto nostrum suscipit laudantium. Quia error cumque velit aut. Nostrum debitis architecto quasi vel.',	'2023-04-11 10:40:43'),
('3c42ebf3-6a7b-469d-bb1e-f66e260295fc',	'c7d3c1fa-d81d-4cb4-a2a4-400ead517b06',	'3b6c4ed1-7aa7-4294-9440-48c591143cc5',	'Libero natus voluptatem natus qui doloribus voluptas. Tempore libero nihil quas non praesentium neque. Aut deleniti dolorem ea qui asperiores quae.',	'2023-04-11 10:40:16'),
('3da7d5c9-61a7-4648-963c-e45839d2c166',	'cf640723-d4f3-444c-910c-c5ba2aada28a',	'ce810831-1b84-4dc7-80e0-bad2bcdedec8',	'Itaque nostrum similique minima illum quo quis et in. Doloribus ut voluptatum quia quibusdam temporibus. Molestias vero ut minima nostrum quasi. Autem modi eius libero at similique rerum quis.',	'2023-04-11 10:40:30'),
('3e14c1f4-72ee-4200-a054-27a43fad7306',	'166a0ea0-f5c9-4e90-9c5a-6c36b1c2b10c',	'5e4a9085-acd5-4e63-8ab7-8f5a25d00d8e',	'Odio ut ratione eum numquam quo. Porro sit sequi necessitatibus mollitia rerum ut. Incidunt in quisquam in architecto nobis quo ex. Quisquam amet vel cum eaque.',	'2023-04-11 10:40:22'),
('3f07d4d5-889c-4322-af64-8e2494ae8945',	'778abb31-ef75-498f-9adb-7346b7c33b09',	'92d1618a-4bd9-4e4e-9d56-348f9b07dd2b',	'Sed quod est sapiente blanditiis fugit et. Maxime eos nostrum animi voluptatem. Ut saepe consequuntur quo illum fuga aliquid. Quia nemo voluptatem hic aut. Dolore odit quae officiis porro ducimus.',	'2023-04-11 10:40:12'),
('4071d586-331b-42cc-a610-fa3288f85c15',	'c7d3c1fa-d81d-4cb4-a2a4-400ead517b06',	'9a854c96-5ea2-46e3-ac56-c03ea40af519',	'Natus debitis suscipit officia ipsam. Ab eveniet nostrum exercitationem eaque quia.',	'2023-04-11 10:40:16'),
('4101ca85-1ff3-454e-92ba-d5becf4ba05f',	'c7d3c1fa-d81d-4cb4-a2a4-400ead517b06',	'54e17fde-b935-4cd3-abc3-b803a985e5d6',	'Tempore deserunt consequatur cumque optio dolores quod aspernatur. Illo nobis nesciunt et dolore. Ex et occaecati molestiae optio et quaerat. Sed fuga quia non ut.',	'2023-04-11 10:40:18'),
('42ad4d47-17d0-44d0-8545-da6740324bbb',	'ab465e62-d09f-4d5c-84ff-32c95b3d9cf8',	'2846f278-a42a-41f4-80ab-08abec8a7795',	'Doloremque odio iure ex ut atque repellendus et. Aut nulla laboriosam eos et eaque ratione. Veniam fugit aliquam eum corporis labore quis vitae non. Nesciunt facilis dignissimos odit deleniti eum quis itaque.',	'2023-04-11 10:40:41'),
('442bef21-1a17-49fc-b50e-8792d83f4c06',	'166a0ea0-f5c9-4e90-9c5a-6c36b1c2b10c',	'b1d0f926-fd0b-4bf5-ab0d-0853e8bcb1af',	'Nostrum maiores dicta temporibus in. Facilis et eius quisquam sed veniam. Nisi qui pariatur in expedita cupiditate corporis occaecati. Quas sint soluta amet soluta.',	'2023-04-11 10:40:23'),
('45010b1e-b83f-4e3b-bf87-b7c4b597b4c2',	'c3d2b52f-e38f-454a-b56a-b73fba9e9f99',	'7172f6d2-c643-4ca7-9f36-eb4d5032f6b1',	'Dolore occaecati illum deleniti minus libero voluptas. Quo dolorum cumque dicta. Placeat tempora est ab ad et. Ut maxime ad et soluta aut deleniti velit.',	'2023-04-11 10:40:47'),
('47aaed13-1587-4a85-8332-262ae8bb4f38',	'166a0ea0-f5c9-4e90-9c5a-6c36b1c2b10c',	'5561453e-c2bd-4f29-8ed5-83200db9b414',	'Commodi corporis mollitia doloremque a ut molestiae sunt. A quos eum soluta iure adipisci iusto vel. Voluptatem ipsam debitis sit voluptates eos molestiae. Aspernatur consequatur exercitationem fuga.',	'2023-04-11 10:40:24'),
('4841255d-efd8-4ddb-b477-4d0eff74ff27',	'c3d2b52f-e38f-454a-b56a-b73fba9e9f99',	'b627ee9e-2017-4387-b333-c15f6b3826ed',	'Rerum quod quo rerum molestias. Reprehenderit labore saepe officia debitis modi corrupti placeat. Quos dolor est qui doloremque ut quam.',	'2023-04-11 10:40:48'),
('487e75a6-1913-4746-98de-0446e0dc41b3',	'c3d2b52f-e38f-454a-b56a-b73fba9e9f99',	'85904280-20e8-42c8-8991-a3ea2f4620ed',	'Modi corporis voluptatem occaecati. Illo qui est iste dolorem repudiandae. Aut ut dolorum nemo temporibus.',	'2023-04-11 10:40:49'),
('4a5180ed-f303-4e79-aa4a-0bbe00288f05',	'c7d3c1fa-d81d-4cb4-a2a4-400ead517b06',	'0c47f513-22b9-4c90-90aa-8ab71e36c2d6',	'Voluptatum nostrum odio iusto velit. Itaque cupiditate quae ad et exercitationem nam cum. Nulla omnis rerum distinctio blanditiis aut quis ab.',	'2023-04-11 10:40:17'),
('4ae4c90d-94f6-42c1-80e7-a5f56089e8c4',	'cf640723-d4f3-444c-910c-c5ba2aada28a',	'37fb0fe9-77f5-4a02-a20f-a139904a6e9c',	'Ut delectus est maiores dolore ullam. Sit natus sit rerum ea. Et quaerat mollitia est nihil rem aliquam.',	'2023-04-11 10:40:30'),
('4b451cdb-5959-4b54-a71e-33155a4e13c0',	'c7d3c1fa-d81d-4cb4-a2a4-400ead517b06',	'526f1f7c-acdb-48a4-8832-dbfd9543d282',	'Maxime eos quibusdam illo occaecati. Consequatur temporibus cupiditate sapiente sapiente. Ut est aut alias ipsum distinctio. Aut velit magnam nam ut.',	'2023-04-11 10:40:17'),
('4c8c08f9-a621-46a4-accf-67d36e394008',	'c3d2b52f-e38f-454a-b56a-b73fba9e9f99',	'2fd4e869-7544-4174-a2fc-f09a4e90a5f7',	'Magni fugit et voluptatem recusandae ipsum molestiae ipsam veritatis. Quibusdam dolores tempore quibusdam nam sed.',	'2023-04-11 10:40:48'),
('4d73d161-e857-47b7-961e-48a43a768eae',	'ab465e62-d09f-4d5c-84ff-32c95b3d9cf8',	'd9b92ad0-62ce-42d0-b9e0-e9e61f34d5cf',	'Dolores quia dolor mollitia nihil voluptatibus ipsum. Ullam id porro nam nostrum quam totam non adipisci. Officia quia qui quo quas quibusdam ut id. Iste reiciendis molestiae sunt iure et cumque necessitatibus.',	'2023-04-11 10:40:42'),
('4e98c5f1-4c60-44aa-933b-38bce19cbf23',	'166a0ea0-f5c9-4e90-9c5a-6c36b1c2b10c',	'b1d0f926-fd0b-4bf5-ab0d-0853e8bcb1af',	'Dolores blanditiis cum molestiae dolorum enim labore reiciendis voluptatem. Officia cum neque tenetur. Non tempora et ut excepturi.',	'2023-04-11 10:40:23'),
('50adb08e-0b0e-4b78-9cef-15de0d76743f',	'3093f2f6-0598-437d-80ea-5541df959601',	'05a10caf-bcc4-417a-89d5-c34ac9d2faf4',	'Provident quae dolorem dolore maiores. Et sint dolorem sunt dolorum. Nesciunt laudantium numquam debitis neque assumenda accusamus. Amet enim libero et animi modi.',	'2023-04-11 10:40:44'),
('513ceb75-2946-4d49-aea6-44da30e8109a',	'e099908d-5b0e-42d6-8e9b-2b299570a476',	'8ca8f2b3-6af3-409f-9de1-1b3384a97733',	'Accusamus facilis esse architecto sequi recusandae. Nihil sunt iste consequatur ut. Nulla fugiat sit ut cum adipisci. Aut id voluptas adipisci nesciunt.',	'2023-04-11 10:40:26'),
('52797fdf-f832-45ce-a2e2-69f9a1770d36',	'c3d2b52f-e38f-454a-b56a-b73fba9e9f99',	'1414a94a-b51c-4690-8a71-2b465f898386',	'Officiis blanditiis et maxime exercitationem. Ut quod neque occaecati aut veritatis impedit voluptates quo. Reprehenderit aspernatur veniam aut ut sapiente atque. Optio tempore velit ut voluptas.',	'2023-04-11 10:40:47'),
('52b3e9ce-639d-41ca-866b-0639dc678d49',	'778abb31-ef75-498f-9adb-7346b7c33b09',	'3a29e81f-2704-4367-884f-0eee90c25b70',	'Earum et dolore harum. Voluptatem dolorem veniam soluta minima eum et sunt nam. Maxime aperiam praesentium quis atque cum alias.',	'2023-04-11 10:40:12'),
('52c70938-d9ae-4469-96b2-a5ddd1ba12d5',	'c7d3c1fa-d81d-4cb4-a2a4-400ead517b06',	'79317917-d84f-456d-875a-43b711fdbe2d',	'Ut minima quo eveniet. At laboriosam accusamus sit. Consequatur non itaque facilis quis facere sint. A nisi inventore ut. Vel modi consectetur nobis qui expedita et.',	'2023-04-11 10:40:16'),
('539d712b-1db8-4657-aab8-f2f86ababc25',	'166a0ea0-f5c9-4e90-9c5a-6c36b1c2b10c',	'ecfc6ce7-853a-4057-9144-242507c15b82',	'Error ducimus aut nihil laboriosam quos ut ipsam. Quo error delectus occaecati laboriosam quia officiis eveniet. Qui nulla eligendi aperiam doloribus in officia illum.',	'2023-04-11 10:40:22'),
('54dc13bd-4d73-4724-b9ad-0b4465dd9032',	'ab465e62-d09f-4d5c-84ff-32c95b3d9cf8',	'2846f278-a42a-41f4-80ab-08abec8a7795',	'Et deserunt maiores itaque eum. Deleniti explicabo voluptas quia ratione deserunt. Perspiciatis voluptatem sed blanditiis a. Error quae aliquam excepturi quia libero.',	'2023-04-11 10:40:41'),
('57aa46b8-e278-4b84-85e7-1b56a8e8bcf8',	'cf640723-d4f3-444c-910c-c5ba2aada28a',	'8f3eb31b-4f0d-44f0-b133-958350c71dea',	'Voluptate iusto totam quae odio quam. Quia voluptatem quidem unde quia. Sunt at in nam ipsam. Omnis id quia aspernatur error accusamus molestias similique.',	'2023-04-11 10:40:31'),
('58412688-1d27-4387-b532-3390141b7ecd',	'ab9d2bbd-b01a-4a9f-b8a7-1667646bac42',	'925ae455-d0b0-47af-9d15-134141d9b080',	'Nemo aut non commodi quia rerum quia. Iusto cum amet omnis atque. Reiciendis voluptate est eum eum debitis delectus maiores. Quibusdam molestiae est ab nisi vel ad reprehenderit ab.',	'2023-04-11 10:40:37'),
('58ae998e-d7ad-4e2e-b809-5c39b06cf790',	'3093f2f6-0598-437d-80ea-5541df959601',	'9a317ca1-dd0c-48f1-9096-f50970520053',	'Quod molestiae temporibus voluptas. Reprehenderit provident et perferendis hic sunt ad dolores. Culpa illo et aspernatur debitis modi.',	'2023-04-11 10:40:45'),
('594b99dd-a0b0-4db5-b359-187b72cb7e11',	'c3d2b52f-e38f-454a-b56a-b73fba9e9f99',	'a8a76d4f-6387-40d3-a02a-fa3452358bb8',	'Facere facilis ut enim vel. Est vitae et natus placeat dicta laboriosam hic.',	'2023-04-11 10:40:47'),
('59cd3836-5eda-48ee-9ffe-21106bf18d4e',	'4c1fee80-eecb-47ef-9042-c7a5330371bb',	'aa28add7-4c05-4e91-a287-0a5e832f52cd',	'Voluptas aperiam cum sed voluptatum id voluptatem non iure. Eum et tenetur voluptas sit voluptas repellendus suscipit. Eos eos animi possimus quis. Quo velit est est modi excepturi autem debitis.',	'2023-04-11 10:40:35'),
('5a0d184d-5e7d-4823-a5ef-e289ed923d09',	'd9391056-02c5-4ea7-8084-1a94e69685f6',	'0bc74285-975c-4c15-94b4-5a63c0f82a9b',	'Quidem eos fuga est perspiciatis aspernatur id. Consequatur qui dignissimos voluptas et. Est ut cupiditate ab numquam incidunt nihil.',	'2023-04-11 10:40:50'),
('5a518040-6382-4d39-b341-8b50cf512f9b',	'166a0ea0-f5c9-4e90-9c5a-6c36b1c2b10c',	'd3c63573-36dc-48c5-bd0d-9fa15f173feb',	'Sed porro cumque perspiciatis cupiditate. Deserunt veritatis incidunt aut voluptas. Voluptas eveniet mollitia laudantium occaecati. Eligendi voluptatum impedit aut qui.',	'2023-04-11 10:40:25'),
('5b4b2dfa-875d-4979-83be-81547a572f75',	'c3d2b52f-e38f-454a-b56a-b73fba9e9f99',	'1e06d202-bf61-42ce-b281-afddd800161b',	'Ea perspiciatis eligendi architecto voluptatem. Eveniet esse molestiae tempora optio minima minima. Qui exercitationem doloremque ab dolores. Laboriosam amet vero et aut. Et qui velit eaque aliquam vero harum mollitia.',	'2023-04-11 10:40:47'),
('5bffc98f-2b2a-46b1-bac8-6c91f7b68d1d',	'cf640723-d4f3-444c-910c-c5ba2aada28a',	'ee025918-1a1e-49aa-aee9-0affc018cee6',	'Assumenda dolorem officiis quas amet debitis consequatur reprehenderit. Explicabo ratione provident at doloremque ullam ut. Incidunt cumque a nobis accusantium provident. Praesentium est velit non dolore adipisci omnis.',	'2023-04-11 10:40:30'),
('5c85d970-19a8-44e4-a0e9-5bcf16263a82',	'c7d3c1fa-d81d-4cb4-a2a4-400ead517b06',	'0c47f513-22b9-4c90-90aa-8ab71e36c2d6',	'Alias eius enim quo enim. Inventore eveniet esse ut ea tempore ipsum. Repellat ratione exercitationem voluptas suscipit nemo modi autem.',	'2023-04-11 10:40:17'),
('5e4344a2-f78a-40ab-9894-ac06dd517623',	'd9391056-02c5-4ea7-8084-1a94e69685f6',	'b934e612-f568-415d-989d-08fcbf99ae84',	'Ut ipsam facere quis voluptatum ullam. Iusto reiciendis illo ut minima et nulla. Consequatur cupiditate quia occaecati aut. Non aliquid est aut est quibusdam voluptatibus. Voluptas sunt et aut non enim.',	'2023-04-11 10:40:51'),
('5fa5d092-35cb-4a74-aded-95c448f79ebe',	'4c1fee80-eecb-47ef-9042-c7a5330371bb',	'553db3c5-7cd6-478c-a83e-e824ef098d1f',	'Vel possimus et ad fugit ratione omnis. Tempore quis tempore dolor possimus quisquam ab.',	'2023-04-11 10:40:33'),
('61325028-ea52-4c36-9f84-bcedf6ff9c82',	'166a0ea0-f5c9-4e90-9c5a-6c36b1c2b10c',	'bce71fc9-3f6b-4fac-a0f6-e48b2951ccfa',	'Veritatis qui omnis repellat. Omnis consequatur corrupti dolore animi. Aut ab ipsa aut reprehenderit minima quibusdam officia excepturi. Accusamus suscipit ab a corrupti.',	'2023-04-11 10:40:24'),
('6191e4cf-1f5a-4a88-8e2f-fb215fbaf690',	'4c1fee80-eecb-47ef-9042-c7a5330371bb',	'351bc9bf-c894-4364-b4db-d9232855bb9a',	'Est aperiam eum laborum. Et iusto quis officiis a quam laboriosam ad consequatur. Expedita fuga corrupti rerum sint vel ea. Reiciendis placeat exercitationem iste porro aperiam.',	'2023-04-11 10:40:35'),
('61945632-8f17-4c0c-9bf9-373722f7fa4c',	'c3d2b52f-e38f-454a-b56a-b73fba9e9f99',	'7172f6d2-c643-4ca7-9f36-eb4d5032f6b1',	'Non magnam id sint mollitia similique. Necessitatibus consectetur quo architecto architecto. Voluptas omnis consequatur ut et possimus.',	'2023-04-11 10:40:47'),
('619b5683-6862-4a3f-b87f-ba69beaf9e55',	'ab465e62-d09f-4d5c-84ff-32c95b3d9cf8',	'648308d2-6746-4159-87de-69e7dcbe17d8',	'Optio exercitationem quasi minima praesentium. Aliquam quasi placeat quos eaque. Corporis sed repellendus doloribus sit. Sed non quas molestiae nisi eos.',	'2023-04-11 10:40:40'),
('62d4995a-4c48-4199-8024-a1eaad9620ec',	'166a0ea0-f5c9-4e90-9c5a-6c36b1c2b10c',	'1d27f12d-af71-4e92-9c8f-56f4339e9c94',	'Dolor sit totam autem sint vero. Accusamus magni enim aut. Nihil eos vero libero accusantium quia quia fuga. Molestias nihil et maxime distinctio accusamus pariatur. Labore rerum natus sapiente voluptas.',	'2023-04-11 10:40:23'),
('6315c064-1649-4503-afa8-d15b16eafba9',	'778abb31-ef75-498f-9adb-7346b7c33b09',	'4f33e47e-54f3-4dd0-b6f8-b192d9728ead',	'Et dolorem totam nobis. Et non repellendus voluptas saepe ut. Eius voluptas ad nemo occaecati dolores rerum perferendis. Similique nobis atque optio aut.',	'2023-04-11 10:40:12'),
('634302e4-2aed-438a-a220-0b8c58988067',	'ab9d2bbd-b01a-4a9f-b8a7-1667646bac42',	'88edf19a-5046-4366-be6b-28c644a4aeab',	'Repellendus aut sit magnam eum est et. Asperiores omnis assumenda qui tempore et laudantium. Quo dolores ut voluptatum quis mollitia. Et odit quae vitae minus.',	'2023-04-11 10:40:38'),
('636146f3-5fee-443d-8ed1-e3de507f8fec',	'166a0ea0-f5c9-4e90-9c5a-6c36b1c2b10c',	'4a5f7bc9-acba-46d3-975b-ae655aa47a5e',	'Omnis quasi ad exercitationem facere ratione quod. Autem impedit odit omnis iure repellendus et. Alias aut dicta reprehenderit quisquam in. Et sit est voluptas.',	'2023-04-11 10:40:22'),
('63e186a7-69f6-42e6-955e-c5c24846bde1',	'c3d2b52f-e38f-454a-b56a-b73fba9e9f99',	'4071844b-0451-4321-8c92-b0897bfd7bfb',	'Et adipisci dolorem ea facilis et. Sit perferendis quo ullam et. Provident voluptatem ducimus quo consequatur aut voluptatem. Ut quasi nam quia eum.',	'2023-04-11 10:40:49'),
('6426dd20-d07d-4208-be34-7344654efc2f',	'c7d3c1fa-d81d-4cb4-a2a4-400ead517b06',	'3b6c4ed1-7aa7-4294-9440-48c591143cc5',	'Possimus ducimus vel qui. Est tempora soluta nulla temporibus consequatur. Neque molestiae id sit alias et. Esse quidem assumenda qui omnis possimus explicabo quia sed. Occaecati culpa mollitia officiis doloremque.',	'2023-04-11 10:40:16'),
('658edf2a-2eb0-49d1-bbcf-fc7418b910b8',	'c3d2b52f-e38f-454a-b56a-b73fba9e9f99',	'8135dc2c-dfd9-4a1f-b6b0-339bd8f66e8b',	'Qui qui ut qui reiciendis. Beatae quidem earum voluptas et ut incidunt quis molestias. Quas sint quam reiciendis qui ut aspernatur ut. Atque commodi voluptatum quae qui rerum sit.',	'2023-04-11 10:40:47'),
('65ea664d-99ed-47cc-b9bc-20a144b76bb7',	'c7d3c1fa-d81d-4cb4-a2a4-400ead517b06',	'a9816091-d2ee-4d35-866e-bc15332fa3eb',	'Ut eaque nisi similique earum. Doloremque eum velit iste quasi qui quisquam expedita.',	'2023-04-11 10:40:17'),
('67615479-fccf-4a20-ab40-9979ebab2dd4',	'778abb31-ef75-498f-9adb-7346b7c33b09',	'9c983c05-69c1-4c45-9a65-a40d1e8e511c',	'Aut omnis dignissimos qui officia corrupti atque. Perspiciatis rerum enim ratione harum. Velit autem quam repellendus ipsa voluptate. Officiis velit hic laboriosam labore ipsum.',	'2023-04-11 10:40:14'),
('688dacd1-863e-4cd9-9396-d580c76a5efc',	'e099908d-5b0e-42d6-8e9b-2b299570a476',	'e71565b4-8c53-4660-8427-936181d874c4',	'Exercitationem facilis ut ut ullam sunt. Blanditiis ut occaecati provident hic excepturi. Facilis doloremque repudiandae tempore et eos consequatur. Earum illum perferendis eos et nulla.',	'2023-04-11 10:40:28'),
('68bd033e-a4ae-4959-b197-495ffb8ebcd4',	'c7d3c1fa-d81d-4cb4-a2a4-400ead517b06',	'c9bbfd35-924a-4078-8482-3df9eafda3b6',	'Explicabo nam recusandae veniam sunt et. Dignissimos consectetur asperiores harum tenetur laborum. Aut dolorum voluptas nesciunt dolores hic qui eius.',	'2023-04-11 10:40:16'),
('6986776d-8f50-42a8-97f0-e4802f76b1a8',	'd9391056-02c5-4ea7-8084-1a94e69685f6',	'0bc74285-975c-4c15-94b4-5a63c0f82a9b',	'Doloribus nostrum laborum veniam a. Vitae sapiente a maxime maiores et. Omnis sit et voluptas beatae est ut in.',	'2023-04-11 10:40:50'),
('6a58ad3b-8e92-4b76-813b-936d3d722a7e',	'c3d2b52f-e38f-454a-b56a-b73fba9e9f99',	'85904280-20e8-42c8-8991-a3ea2f4620ed',	'Neque iste tempora in esse vitae deleniti id. Dolorem sed corrupti culpa laboriosam et ut cumque.',	'2023-04-11 10:40:49'),
('6c2a844a-8c8e-4e8d-b73d-e8195adb2678',	'3093f2f6-0598-437d-80ea-5541df959601',	'1cc40bc5-3cc5-4ee9-ad95-0e074380a8ae',	'Occaecati eum dolorum et libero quia repudiandae aspernatur. Sed necessitatibus porro qui eum. Unde quo voluptates aut esse quia inventore id.',	'2023-04-11 10:40:44'),
('6c34352c-5620-45e0-8878-774713075646',	'3093f2f6-0598-437d-80ea-5541df959601',	'1d8d7004-92ae-47e4-a955-6df419f9e4c0',	'Suscipit aut quam ut aut cum. Ipsa optio vitae maiores. Temporibus perferendis voluptatem voluptas a rem quia est qui. Exercitationem quia repellendus eligendi quia quia. Quis amet quis facere hic itaque eligendi.',	'2023-04-11 10:40:44'),
('6e2f393a-56eb-46cd-90b1-4780fc1ed77d',	'778abb31-ef75-498f-9adb-7346b7c33b09',	'77f81e0f-d6e3-4be2-a666-88b6170fa431',	'Corporis qui fugiat vel aut sed occaecati. Fugiat voluptatum et aut qui explicabo. Ipsum aut tenetur suscipit laboriosam fuga.',	'2023-04-11 10:40:12'),
('6ec2a686-adbf-4462-b056-7628fd3203c2',	'3093f2f6-0598-437d-80ea-5541df959601',	'1cc40bc5-3cc5-4ee9-ad95-0e074380a8ae',	'Voluptatem at omnis perferendis. Nemo dolor rerum facilis. Deleniti consequatur voluptas et necessitatibus ut qui. Ad sed illum earum dolor eos.',	'2023-04-11 10:40:44'),
('6f62ca37-c413-42e5-8865-02293ed6289e',	'cf640723-d4f3-444c-910c-c5ba2aada28a',	'18e0bef0-9f3f-43ee-b216-7d5e4301575c',	'Doloribus hic a voluptatem ex est. Qui nam non dolorem in sint. Nihil nobis qui sit voluptate expedita quae ea.',	'2023-04-11 10:40:31'),
('6f7c7c06-f007-4fca-921f-c4a1a159094b',	'778abb31-ef75-498f-9adb-7346b7c33b09',	'0f975ab8-d6ae-4134-aa42-f71ad2bcf411',	'Earum vitae quasi molestias velit. Ducimus consequatur nesciunt odit blanditiis iusto. Quod consectetur velit quidem dignissimos corporis quia. Odio illum sint animi. Sapiente qui quos autem voluptas tenetur.',	'2023-04-11 10:40:14'),
('7033c1d3-ac16-4c56-baea-13487973bafa',	'166a0ea0-f5c9-4e90-9c5a-6c36b1c2b10c',	'8e540dc8-b4bd-4c39-8ffb-4d1ff064a65e',	'Distinctio labore porro inventore debitis et. Harum illum impedit tenetur aut facere dicta totam ut. Aspernatur et voluptate dolorem dolor aliquam doloremque illum.',	'2023-04-11 10:40:24'),
('7048ee80-567d-47af-91cc-479c4f9953e9',	'e099908d-5b0e-42d6-8e9b-2b299570a476',	'2602f6df-49be-4d92-8cdf-46d4dddb7b64',	'Eos totam qui qui itaque. Non asperiores dolore enim sint. Repellendus nam accusamus possimus autem qui nihil rem.',	'2023-04-11 10:40:27'),
('70634903-20ac-423b-86dc-7a16094ecdd1',	'3093f2f6-0598-437d-80ea-5541df959601',	'80969e50-8c76-417d-8296-dee70ea8fe79',	'Architecto nihil ipsa accusantium et. Dignissimos sint non distinctio voluptatem sit fuga eligendi eos. Hic voluptatibus atque nam. Asperiores aliquam at corporis.',	'2023-04-11 10:40:43'),
('71246822-390a-4f4d-a08f-66178da8bd25',	'3093f2f6-0598-437d-80ea-5541df959601',	'5ba57d87-7560-4573-96b2-597c7ce591d6',	'Qui dolor sed in. Quaerat ab neque omnis est. Quo qui commodi magnam. Laudantium et quia ipsa qui id.',	'2023-04-11 10:40:46'),
('713e3787-d237-4ab8-a8b3-92e8d56b0d72',	'cf640723-d4f3-444c-910c-c5ba2aada28a',	'5041f26d-0635-48e9-9b2c-44c63eff763f',	'Eaque ut saepe consequatur enim molestiae explicabo. Rem sed quasi voluptatem est sed deleniti aut qui.',	'2023-04-11 10:40:29'),
('716acdc9-c41c-4497-8d8f-800ca2f941e7',	'd9391056-02c5-4ea7-8084-1a94e69685f6',	'6bc147cb-c5e9-4e44-a64c-1d55d5c37683',	'Debitis sint facere assumenda excepturi molestiae deserunt. Et sed doloremque possimus ipsa aspernatur eaque repellat molestiae. Vitae corrupti architecto corrupti eos eos nobis debitis. Omnis voluptas porro rerum esse.',	'2023-04-11 10:40:52'),
('718aaf79-7a8d-44ab-b354-77603c099ee5',	'3093f2f6-0598-437d-80ea-5541df959601',	'e58cf9c6-181e-4480-a60d-67c93f0dcf06',	'Illo culpa adipisci sequi eos saepe a voluptas. Reiciendis ut necessitatibus ut ut aut dolore quod recusandae. Alias cumque voluptas dolorem sunt error ut.',	'2023-04-11 10:40:44'),
('73848188-a0d7-4fcb-a0f4-f7cee3e70e3b',	'd9391056-02c5-4ea7-8084-1a94e69685f6',	'621317d3-8c94-439e-986f-b31e915e005c',	'Quo ut consectetur iusto ullam omnis qui. Nihil rerum dolore fugiat. Voluptatem tempora dolores sint. Suscipit nihil distinctio magnam commodi est. Nisi accusantium est ea aut qui.',	'2023-04-11 10:40:51'),
('7393e97f-78d3-4460-a5fa-82f0f16b86e1',	'ab465e62-d09f-4d5c-84ff-32c95b3d9cf8',	'ae7ba4cb-b820-4100-ad4d-5aca9622222f',	'Repellat molestiae animi sed voluptas facere. Voluptatem sed rerum aperiam beatae. Et iste corrupti enim explicabo. Adipisci omnis iusto magni ullam sunt provident.',	'2023-04-11 10:40:42'),
('73aac8fc-e2b6-411d-a4ec-05380c176fef',	'4c1fee80-eecb-47ef-9042-c7a5330371bb',	'7d9f4cef-e5e6-49e1-870f-6da934ff995d',	'Sit officiis odio dolores aut iure tenetur sunt. Dolore id deserunt distinctio. Consectetur est repellat beatae quia quibusdam.',	'2023-04-11 10:40:34'),
('73acea40-ad06-4f81-936a-ad4ae29edafd',	'cf640723-d4f3-444c-910c-c5ba2aada28a',	'aeee1a61-115d-428b-a50a-1b02ec5a16f9',	'Ad iure illum voluptatem ut quo reiciendis id et. Eum officia sit cumque ut est. Ex unde unde fuga error. Ipsum optio omnis dignissimos et omnis necessitatibus.',	'2023-04-11 10:40:30'),
('73e6538e-64ad-4621-ad24-7009535ff3e9',	'd9391056-02c5-4ea7-8084-1a94e69685f6',	'7a93128a-ae52-4781-bd1c-9203fc8c26fb',	'A sequi aut deserunt. Aut fugit illo earum. Libero voluptatem voluptas et magnam. Adipisci veniam quia explicabo est minima enim accusantium.',	'2023-04-11 10:40:51'),
('74169caa-00ed-4a41-864f-9dd483f4607a',	'ab465e62-d09f-4d5c-84ff-32c95b3d9cf8',	'39704877-3c9f-4015-8cfc-f9d90afcb539',	'Deserunt aut sed sint veniam at quibusdam. Ab molestiae debitis et omnis. Voluptas saepe exercitationem reprehenderit aperiam iusto dolorum. Optio quasi minima qui vero velit fuga.',	'2023-04-11 10:40:41'),
('74bf35bc-fdc8-44d8-a63f-3bf157a2e081',	'c7d3c1fa-d81d-4cb4-a2a4-400ead517b06',	'54e17fde-b935-4cd3-abc3-b803a985e5d6',	'Et eligendi nihil officiis porro architecto ducimus. Incidunt facere et ea dignissimos iusto distinctio hic facere.',	'2023-04-11 10:40:18'),
('764edf87-e3e7-40cd-8614-bc5e8fbdb353',	'd9391056-02c5-4ea7-8084-1a94e69685f6',	'b12a3ab2-6212-4389-8895-7f5727cda55b',	'Qui libero est et laborum et quo. Ratione impedit et aut ab et culpa assumenda. Natus consequatur aut autem. Totam rerum aperiam eaque provident nihil.',	'2023-04-11 10:40:53'),
('76ef1de3-f3a8-476f-b3fa-106079407c91',	'3093f2f6-0598-437d-80ea-5541df959601',	'4e9c0134-6a11-4bc5-b2e1-1a9a3e77fbf1',	'In ducimus necessitatibus aperiam veritatis debitis eius fuga similique. Est et voluptates nihil dolorem quia eius. Et reiciendis exercitationem laboriosam iste necessitatibus illo facilis qui.',	'2023-04-11 10:40:46'),
('76fd0f97-7931-4eba-908a-c6e60168cd5c',	'c7d3c1fa-d81d-4cb4-a2a4-400ead517b06',	'fd784e14-b0c5-4dc6-932e-f05848a4ca78',	'Adipisci odio ut consequuntur distinctio qui. Vel ut delectus aut repudiandae. Nemo ad voluptatibus et enim.',	'2023-04-11 10:40:18'),
('77da9941-f3ae-4bb7-ade3-cdf7cf8c108a',	'ab465e62-d09f-4d5c-84ff-32c95b3d9cf8',	'bde4b290-2f45-45be-bbf7-311e4a92ffdb',	'Asperiores ullam quisquam qui non saepe voluptatem magni aut. Voluptas mollitia voluptatem voluptas occaecati non iste. Corrupti beatae praesentium facilis nemo autem tempora.',	'2023-04-11 10:40:42'),
('77dd27ba-2f3c-4e07-b625-37c8157495b9',	'166a0ea0-f5c9-4e90-9c5a-6c36b1c2b10c',	'b6fef3b5-e503-4574-a6cc-c912056e3d25',	'Velit quo non repellat molestias aut. Perferendis rem non nulla doloremque eum unde sequi animi. Aut unde ipsam qui iure. Non beatae ducimus blanditiis praesentium esse id. Aut id et ipsum enim assumenda consectetur aut.',	'2023-04-11 10:40:23'),
('796139c2-b651-426b-b504-a56cf0e5f05a',	'c3d2b52f-e38f-454a-b56a-b73fba9e9f99',	'6decd15a-d102-4803-aeeb-d60a1a4d4b3f',	'Repudiandae ipsam enim libero ut voluptas non reiciendis. Ea impedit voluptas nostrum.',	'2023-04-11 10:40:48'),
('7a1b5da6-0546-41f6-ac9c-41d41af85016',	'3093f2f6-0598-437d-80ea-5541df959601',	'1d8d7004-92ae-47e4-a955-6df419f9e4c0',	'Et dolorem fugiat quaerat velit unde. Nam qui occaecati repellat. Corrupti voluptate aperiam illum id ut et. Voluptatem illo fugiat est.',	'2023-04-11 10:40:44'),
('7b1b5b34-4531-4215-af4f-6a7dc3b52b08',	'e099908d-5b0e-42d6-8e9b-2b299570a476',	'6a0bf258-b064-46f1-9162-013a1c2eb03a',	'Dolor esse dolorem eligendi voluptas maiores. Officiis dolores inventore ea. Et cum quos qui recusandae quidem. Dolores omnis velit sit quia nihil dolore. Quia ipsum maiores odit iusto dolores.',	'2023-04-11 10:40:26'),
('7bb3de72-3c64-4323-8cd5-664b9204e40d',	'4c1fee80-eecb-47ef-9042-c7a5330371bb',	'00951d5d-cb88-43a6-949f-e4a8535aa92f',	'Ut mollitia adipisci necessitatibus dolores. Quaerat itaque eos voluptate sapiente pariatur. Dignissimos enim ad et enim.',	'2023-04-11 10:40:34'),
('7bb81db9-624c-4d81-9de3-7e3a509160c4',	'ab9d2bbd-b01a-4a9f-b8a7-1667646bac42',	'414de36b-229f-462d-bf57-ede80de5a31a',	'Quidem consequatur itaque excepturi alias ipsa. Eos ut exercitationem doloribus nihil minima vel in vitae. Ut molestiae porro eius cupiditate provident. Perspiciatis accusamus et ipsa fuga.',	'2023-04-11 10:40:37'),
('7c93d481-f433-4888-8612-8569e86eb50c',	'd9391056-02c5-4ea7-8084-1a94e69685f6',	'dc6f8083-9524-4d74-a957-cad5b3f67ca2',	'Enim consectetur maiores delectus sint tempora est officiis ad. Commodi ut iusto natus. Eos doloribus consequatur ducimus id similique. Similique incidunt reprehenderit modi ullam. Praesentium temporibus itaque id debitis.',	'2023-04-11 10:40:52'),
('7ddf6d18-e604-4ab7-8f2d-1aca2aeac76d',	'c3d2b52f-e38f-454a-b56a-b73fba9e9f99',	'4071844b-0451-4321-8c92-b0897bfd7bfb',	'Nobis ea in vitae aut repellat blanditiis. Sed id aperiam in non ducimus fugiat. Et aliquid alias id quibusdam perspiciatis. Et officiis qui quaerat soluta.',	'2023-04-11 10:40:49'),
('7e7a9e5e-d6d6-4e85-8ba3-6f596f7d76a1',	'e099908d-5b0e-42d6-8e9b-2b299570a476',	'6a0bf258-b064-46f1-9162-013a1c2eb03a',	'Ipsa ut laudantium reprehenderit culpa illum. Nisi facere et commodi dolor. Inventore laudantium explicabo ipsa quos.',	'2023-04-11 10:40:26'),
('7edad29c-be2a-4d1c-90da-2b6d40909b86',	'166a0ea0-f5c9-4e90-9c5a-6c36b1c2b10c',	'bce71fc9-3f6b-4fac-a0f6-e48b2951ccfa',	'Consequatur ducimus sit qui porro eum sit. Beatae rem hic ut maiores modi id. Omnis nesciunt enim hic.',	'2023-04-11 10:40:24'),
('7f2921c3-7750-4c3e-a8fe-da20b96c46a3',	'e099908d-5b0e-42d6-8e9b-2b299570a476',	'4535c6df-ba6b-43cf-b9ee-f7c8eaf1aa24',	'Qui labore aut aspernatur enim. Autem praesentium adipisci qui voluptatibus exercitationem quasi est. Error et fugiat accusamus sunt ut explicabo sit.',	'2023-04-11 10:40:27'),
('8016ba3e-111d-44fb-898d-ede25f2c18a3',	'778abb31-ef75-498f-9adb-7346b7c33b09',	'3a29e81f-2704-4367-884f-0eee90c25b70',	'Corrupti molestias adipisci ut numquam. Esse veritatis magnam sit aliquid reiciendis. Repellat iste delectus non omnis amet.',	'2023-04-11 10:40:12'),
('80e53a59-4ef3-426e-94d3-1db4ac22def0',	'd9391056-02c5-4ea7-8084-1a94e69685f6',	'8f093457-e2e1-4cf0-83e1-93ec59d7585d',	'Est ducimus fugit asperiores. Et laudantium deleniti quisquam mollitia optio. Iure itaque non eius tempore ratione delectus. Accusamus aut est deleniti voluptas sequi.',	'2023-04-11 10:40:53'),
('81fd271b-fa0a-4a21-a335-dd458889be6f',	'd9391056-02c5-4ea7-8084-1a94e69685f6',	'8f093457-e2e1-4cf0-83e1-93ec59d7585d',	'Et nesciunt placeat explicabo id aut itaque sed. Sint deleniti et blanditiis et deleniti voluptatem quaerat. Deleniti sed consequatur et architecto ad maxime. Aspernatur recusandae architecto deleniti labore.',	'2023-04-11 10:40:53'),
('83041430-aa2f-4438-8fe9-14e302d2de78',	'c7d3c1fa-d81d-4cb4-a2a4-400ead517b06',	'a9816091-d2ee-4d35-866e-bc15332fa3eb',	'Nulla et ut soluta quo. Autem omnis aut facilis cum. Deleniti tempora deleniti accusamus consequatur consequatur velit dolorem.',	'2023-04-11 10:40:17'),
('83b19f97-c176-4562-bdb0-bcf1fb9f4925',	'4c1fee80-eecb-47ef-9042-c7a5330371bb',	'cad08bfa-4172-4c3e-a492-0e2efbd695ba',	'Sint optio esse quaerat. Possimus eius voluptatibus consequatur odit et qui sit. Ex illum est quidem consectetur incidunt. Non dicta fuga saepe nesciunt aperiam et neque nulla.',	'2023-04-11 10:40:33'),
('84a35031-fc09-4252-a3ba-01d1ace33633',	'778abb31-ef75-498f-9adb-7346b7c33b09',	'92d1618a-4bd9-4e4e-9d56-348f9b07dd2b',	'Quae et rem deleniti nihil omnis cupiditate. Perspiciatis vitae dolorem autem eaque expedita dolorem. Velit enim velit et voluptatum omnis. Aperiam est ut qui tempora quis esse.',	'2023-04-11 10:40:13'),
('855874c1-3172-4c67-aa67-3f4db3b1c6bf',	'e099908d-5b0e-42d6-8e9b-2b299570a476',	'65b93b8a-a488-4103-afad-2eb11430832b',	'Et sed rerum sunt ut necessitatibus sit possimus. Eveniet doloremque dolores omnis. Autem ut velit sunt excepturi ducimus architecto. Eos consequuntur aspernatur vel est vitae consectetur ut est.',	'2023-04-11 10:40:27'),
('8598b489-4c01-4b65-9277-f64536cc01b6',	'c7d3c1fa-d81d-4cb4-a2a4-400ead517b06',	'1da87bf1-f05a-40fa-a6b0-b05bc1814f06',	'Odio molestiae et commodi reiciendis. Beatae et excepturi est corrupti optio dolor similique. Nisi ipsa et necessitatibus nam maiores. Impedit autem et id quasi.',	'2023-04-11 10:40:17'),
('866f5387-aa41-45ac-9e69-b25b8c1fe397',	'cf640723-d4f3-444c-910c-c5ba2aada28a',	'6e23bc17-92df-46aa-b56f-807e9e2816b3',	'Corrupti nemo at impedit ut velit. Et enim aut animi aut. Dolores est neque repudiandae. Laborum veniam sit nostrum soluta et voluptatem officiis molestiae.',	'2023-04-11 10:40:29'),
('86ea2018-0359-49ef-8abc-afb1bf7b9ac3',	'3093f2f6-0598-437d-80ea-5541df959601',	'584d7d71-a573-441b-9cc7-f031526da221',	'Consectetur molestiae fugit ducimus et in laudantium. Magni et aperiam veritatis ut qui. Aliquid corporis doloremque iste est et quis.',	'2023-04-11 10:40:43'),
('871c1c5d-133c-4c31-bd08-bd27586ba3cd',	'e099908d-5b0e-42d6-8e9b-2b299570a476',	'3165f08b-9c94-413f-a91b-cd35649d53d6',	'Pariatur exercitationem nulla et quia distinctio. Vero saepe et aperiam harum dicta. Nesciunt quos incidunt repellendus in debitis aut hic. Repudiandae velit dolorem quo ut at.',	'2023-04-11 10:40:26'),
('871cbbf9-5633-4f39-88cf-8eb8cb022ebb',	'cf640723-d4f3-444c-910c-c5ba2aada28a',	'ce810831-1b84-4dc7-80e0-bad2bcdedec8',	'Est cupiditate est quae rerum beatae. Sequi quia molestias rem placeat amet. Accusantium nisi quibusdam quo quae animi voluptas. Architecto quia rerum culpa facere distinctio voluptate.',	'2023-04-11 10:40:30'),
('87e5377a-02c3-4a29-bb0d-e63f7f97c12c',	'c3d2b52f-e38f-454a-b56a-b73fba9e9f99',	'a8a76d4f-6387-40d3-a02a-fa3452358bb8',	'Maiores dolorem voluptate sed pariatur. Magni aut eius aut soluta quisquam officiis odit.',	'2023-04-11 10:40:48'),
('88ae6c75-0e7d-422a-9444-f35398aa8782',	'3093f2f6-0598-437d-80ea-5541df959601',	'a0c40e04-a331-442e-9d3b-80acf8b6ef5c',	'Voluptatibus libero et totam nam. Maxime aut enim esse nam rem. Culpa quisquam accusamus at autem.',	'2023-04-11 10:40:45'),
('89af8123-e400-45d5-91b3-111a3d83e0d8',	'cf640723-d4f3-444c-910c-c5ba2aada28a',	'a3a1edfa-8f77-404a-8ea9-4ce8dcdca99a',	'Maxime sit rerum quo temporibus reprehenderit voluptatem nemo. Blanditiis sit aut velit dolores qui. Ducimus distinctio quo autem similique nisi est corrupti. Aut est temporibus totam reprehenderit perferendis et.',	'2023-04-11 10:40:30'),
('8a2686eb-95f8-4b5f-9e76-40b4379b0a18',	'c7d3c1fa-d81d-4cb4-a2a4-400ead517b06',	'9a854c96-5ea2-46e3-ac56-c03ea40af519',	'Animi eius totam impedit beatae expedita et. Enim voluptas ratione sed voluptatem voluptatem rerum perferendis. Quia sint blanditiis sed.',	'2023-04-11 10:40:16'),
('8a67fc32-81ab-49a7-bc8d-8e51d04d09aa',	'ab465e62-d09f-4d5c-84ff-32c95b3d9cf8',	'e16af45d-e2c8-4a2e-9fc9-75ee75eed749',	'Maiores porro eaque vel et. Unde repudiandae sunt aliquam consequuntur eligendi. Id ad recusandae qui aut distinctio consequatur.',	'2023-04-11 10:40:42'),
('8a8f00b8-d1f0-423a-b276-3e661873d406',	'cf640723-d4f3-444c-910c-c5ba2aada28a',	'fb355a85-6b47-4276-a270-72f8e68f73c4',	'Eveniet ipsam dolor aspernatur asperiores sequi. Laboriosam facilis vel expedita amet non voluptas. Ratione aut corrupti dolor mollitia voluptatum. Rerum aliquid sunt iste exercitationem.',	'2023-04-11 10:40:31'),
('8b490de1-4053-484c-9f55-07a8529e1a23',	'c7d3c1fa-d81d-4cb4-a2a4-400ead517b06',	'ebc834e5-c002-48fa-9b4f-76da86f35c9c',	'Et deserunt dolorem pariatur ea quia sint facere. Libero quas et sit cupiditate. Sequi deleniti doloribus qui. Quia qui deserunt ullam consequatur.',	'2023-04-11 10:40:17'),
('8ed847f9-d40b-4019-8a52-a7c2889fbc30',	'ab9d2bbd-b01a-4a9f-b8a7-1667646bac42',	'd662b6ab-8784-4dd3-8524-c05508509ffe',	'Dolore autem dolor at ex libero. Autem voluptatum est delectus optio. Modi minima dolore cupiditate id aliquam.',	'2023-04-11 10:40:36'),
('8eee00a1-6751-45ba-a1e8-1194a53f4ba8',	'4c1fee80-eecb-47ef-9042-c7a5330371bb',	'4f88851a-f58b-4ce2-96fb-008f29c3579a',	'Animi laborum blanditiis tenetur laborum. Eligendi error eos tempora et exercitationem. Distinctio illo dolorem quia eaque recusandae sapiente maiores. Aut ut aut aliquid blanditiis modi quia error.',	'2023-04-11 10:40:35'),
('8fb86e52-05ff-406c-9852-37944c9ed825',	'3093f2f6-0598-437d-80ea-5541df959601',	'5ba57d87-7560-4573-96b2-597c7ce591d6',	'Velit consequatur corporis enim deleniti reprehenderit. Et et occaecati libero eos. Facere laborum sunt voluptates velit. Eaque omnis consequatur aut rerum explicabo facilis. Quam aperiam nihil illum.',	'2023-04-11 10:40:46'),
('8fbc3d10-4c23-4567-9ded-619f551e32da',	'166a0ea0-f5c9-4e90-9c5a-6c36b1c2b10c',	'b6fef3b5-e503-4574-a6cc-c912056e3d25',	'Qui eum dolores id nemo qui ut necessitatibus. Et perferendis non facere. Consequatur maxime dignissimos a quod optio repellat. Doloremque nihil deserunt vel reprehenderit.',	'2023-04-11 10:40:23'),
('9044760f-e81f-4c09-a10b-22f4e1bdd48a',	'ab9d2bbd-b01a-4a9f-b8a7-1667646bac42',	'd662b6ab-8784-4dd3-8524-c05508509ffe',	'Beatae nobis quo reprehenderit cupiditate rerum debitis. Quibusdam voluptatum saepe nam qui est ullam minus quia. Excepturi quos modi soluta mollitia.',	'2023-04-11 10:40:36'),
('91316af0-ebb2-4a56-bfe3-f43af967dbd3',	'ab9d2bbd-b01a-4a9f-b8a7-1667646bac42',	'047eb157-3ab3-4fa3-a8b8-edfbf1a88f7d',	'Officiis aspernatur quam sequi quia nihil. Provident id dolorem non beatae asperiores. Sapiente porro consequatur sit autem. Ab magni dolore doloremque sapiente sint animi. Expedita commodi aut esse.',	'2023-04-11 10:40:38'),
('917228ef-50b3-4dae-bec3-9d48c6052c45',	'd9391056-02c5-4ea7-8084-1a94e69685f6',	'6bc147cb-c5e9-4e44-a64c-1d55d5c37683',	'Omnis ullam tempora quasi odio sunt aut. Quos optio non tenetur quisquam voluptatibus. Nisi ullam est ratione explicabo quia. Saepe sint delectus eveniet qui voluptatem ducimus qui.',	'2023-04-11 10:40:52'),
('9252874b-6b84-4c87-b33c-84ecc0bd74ae',	'c3d2b52f-e38f-454a-b56a-b73fba9e9f99',	'044e88ce-c160-4a05-8759-129ef06c3248',	'Non perferendis dolores officia sunt. Dicta adipisci beatae enim cum ratione hic. Facilis modi aut saepe nihil iusto.',	'2023-04-11 10:40:49'),
('92c2655b-9756-4d79-9bab-0667948e2b8c',	'ab465e62-d09f-4d5c-84ff-32c95b3d9cf8',	'a3d1bac7-ab4f-4cd2-b4fe-0877a5ab3586',	'Itaque eum ut totam eligendi nesciunt rerum magni. Atque laborum iste ea ea iusto. Eaque dicta enim sit autem expedita odio omnis repellat.',	'2023-04-11 10:40:40'),
('930ad8dd-9474-48d8-b856-e9648a88ff48',	'd9391056-02c5-4ea7-8084-1a94e69685f6',	'5ad19dfb-891f-426f-ad7e-5c94f098f598',	'Aut id et consequatur qui sint hic sint dignissimos. Odit doloribus recusandae quo iure officia omnis qui. Eaque voluptatum enim sit. Ea non voluptatem id corporis voluptatibus.',	'2023-04-11 10:40:52'),
('9350e949-eede-4997-86a5-a863ae769250',	'd9391056-02c5-4ea7-8084-1a94e69685f6',	'33ba816d-8b07-40c5-ba18-9dcc21532f15',	'Est quia esse debitis corrupti illum. Voluptatum eum placeat voluptates ea. Adipisci molestiae quis ducimus odio minus. Aut eius aut quae aut dignissimos fugit quod.',	'2023-04-11 10:40:51'),
('93867700-40ba-45f5-8f5f-2314e6f4392b',	'4c1fee80-eecb-47ef-9042-c7a5330371bb',	'a54a0b4a-aecb-47ae-a083-8f2c1c334f58',	'Rerum adipisci reiciendis ipsam dolores. Excepturi quia voluptate in quia. Commodi unde voluptatem aliquid sed. Et similique dolorem placeat sit.',	'2023-04-11 10:40:34'),
('93cba449-688c-4541-bd31-4dc344bc105d',	'd9391056-02c5-4ea7-8084-1a94e69685f6',	'df4b8acf-6aef-4052-8143-a5e0963d1eaf',	'Repudiandae facilis tenetur eos voluptatibus et asperiores. Quia ab dolore autem. Sit eveniet in voluptatum assumenda et autem dolor.',	'2023-04-11 10:40:50'),
('941e6f07-a7fc-4e51-b8c3-9761325f1d59',	'c3d2b52f-e38f-454a-b56a-b73fba9e9f99',	'282c3c29-52b3-44f7-9f19-865884fca2ff',	'Eveniet et commodi atque quos provident non. Autem dicta quam accusamus sit quasi. Et aliquam eum similique. Beatae corporis sit mollitia incidunt est.',	'2023-04-11 10:40:48'),
('947cf3bc-ec2c-4f78-bf75-2bfa812e89e2',	'778abb31-ef75-498f-9adb-7346b7c33b09',	'4f33e47e-54f3-4dd0-b6f8-b192d9728ead',	'Sed autem qui iure aspernatur possimus. Inventore sed provident dolore consequatur omnis. Doloremque aut corrupti non est debitis corporis aut ab. Nobis amet sint fuga qui inventore dignissimos.',	'2023-04-11 10:40:11'),
('95317cec-a235-4300-81e3-66799b188d3d',	'ab465e62-d09f-4d5c-84ff-32c95b3d9cf8',	'601c419f-3e29-4af9-a6f5-814ee39f0d38',	'Ratione laborum tenetur minus voluptas autem. Velit veritatis sunt alias sunt animi eaque exercitationem ab. Qui sint aliquam asperiores doloribus tempore in.',	'2023-04-11 10:40:42'),
('954411c0-74a5-4876-b07b-da69ca321b16',	'3093f2f6-0598-437d-80ea-5541df959601',	'4e9c0134-6a11-4bc5-b2e1-1a9a3e77fbf1',	'Aliquam et possimus esse minus. Temporibus vitae adipisci in mollitia enim harum sapiente unde. Sed animi non quasi fugiat.',	'2023-04-11 10:40:46'),
('954f1445-ae21-4688-841e-93cb97ee8b49',	'ab465e62-d09f-4d5c-84ff-32c95b3d9cf8',	'e16af45d-e2c8-4a2e-9fc9-75ee75eed749',	'Magni quia blanditiis nulla vero. Adipisci blanditiis dolorem vel nemo temporibus cumque et. Non ipsam inventore et voluptatum.',	'2023-04-11 10:40:42'),
('959d2ac8-970d-4892-94b6-d530cdca1f5a',	'cf640723-d4f3-444c-910c-c5ba2aada28a',	'eecac220-1fa3-4395-b6be-c3f09f1c29c0',	'Facilis aut sunt expedita et nisi. Qui tempora enim similique quia corrupti sed. Quibusdam minima et cumque officia quis. Dolores et libero neque architecto est possimus. Et rerum eos deleniti.',	'2023-04-11 10:40:29'),
('96247245-37a7-4e4f-9452-23c1f8aee80b',	'778abb31-ef75-498f-9adb-7346b7c33b09',	'54b1a2f1-0c1e-4ab6-a5f8-f9e0f76848aa',	'Et voluptates minima nostrum. Autem quas quisquam nisi aut qui beatae. Ut velit minus fugiat et qui eos mollitia. Ut sint non ex quidem.',	'2023-04-11 10:40:13'),
('96378f6e-5ce4-41b3-ad9f-238decae0102',	'166a0ea0-f5c9-4e90-9c5a-6c36b1c2b10c',	'88de20c6-fb85-41f6-b58f-506203016f75',	'Quos quo ea ut eos. Officiis nulla architecto temporibus cum eius sunt odio. Rem veniam inventore reiciendis nostrum et sed perferendis. Laboriosam recusandae nihil est minus aut ipsa qui non.',	'2023-04-11 10:40:22'),
('964e9621-0ee3-4fce-b23c-642cdf09613f',	'ab9d2bbd-b01a-4a9f-b8a7-1667646bac42',	'414de36b-229f-462d-bf57-ede80de5a31a',	'Sapiente voluptatem perferendis minima ut qui et expedita. Eaque maiores aut ut eaque est. Officia et est adipisci maxime aut fuga.',	'2023-04-11 10:40:37'),
('97aebec9-0bea-4c2e-9215-f16f73e631ab',	'ab9d2bbd-b01a-4a9f-b8a7-1667646bac42',	'ea7a4b74-c2f9-4a7b-9ea3-5155ec38fef3',	'Quos delectus repudiandae possimus tempore alias quam. Consequatur quisquam quod sequi modi. Suscipit totam rerum sit nisi est.',	'2023-04-11 10:40:38'),
('989052b0-29be-4649-bb45-3c57de435b56',	'c7d3c1fa-d81d-4cb4-a2a4-400ead517b06',	'79317917-d84f-456d-875a-43b711fdbe2d',	'Recusandae quia est facilis rerum quis voluptas. Quia dolores id id. Dolorum earum sed eligendi cupiditate tempora molestiae.',	'2023-04-11 10:40:16'),
('99975408-6a29-4aa0-a856-863ed5c257d6',	'166a0ea0-f5c9-4e90-9c5a-6c36b1c2b10c',	'232b4aa3-768a-43bf-99e4-6e4e2ac7bf96',	'Quis possimus debitis velit officia nihil. Magni est at aut sapiente laudantium. Minus hic corrupti ducimus sunt laudantium cum.',	'2023-04-11 10:40:23'),
('9aa6b188-9328-48a4-a363-1f2fcfddb2a6',	'4c1fee80-eecb-47ef-9042-c7a5330371bb',	'72f881dd-f442-4183-b540-9f049b6b468d',	'In ipsam deleniti debitis quidem deserunt ut et. Optio deleniti ut officia ullam repellat. Libero illum perferendis sint id laborum sunt. Distinctio eaque et culpa excepturi.',	'2023-04-11 10:40:34'),
('9c1ac91a-f73c-4c43-81aa-b0a274f3ab17',	'ab9d2bbd-b01a-4a9f-b8a7-1667646bac42',	'925ae455-d0b0-47af-9d15-134141d9b080',	'Ratione eum et porro amet minus sint. Sint vel libero voluptatem vel fugit sint beatae. Est voluptate alias esse. Aliquid dolor error voluptatem voluptatem ut dolore. Sunt nobis unde sequi. Et perferendis nulla qui debitis.',	'2023-04-11 10:40:37'),
('9c5f5671-62c7-4cd9-882e-52d6a5b62c52',	'3093f2f6-0598-437d-80ea-5541df959601',	'3cfd6df8-7761-41f4-b7c0-cfe594cbda07',	'Sint nesciunt quam quidem dicta. Pariatur suscipit et ratione itaque ut. Et dolore veritatis tenetur eligendi vel dolorem non. Voluptate est porro ut eos. Quisquam doloremque quasi totam provident aut architecto minus.',	'2023-04-11 10:40:43'),
('9d21e2a9-90fa-466e-bf71-0b02c35d07f3',	'c7d3c1fa-d81d-4cb4-a2a4-400ead517b06',	'36d52e02-cc10-4055-a974-dfa159d4a19d',	'Corrupti maxime est pariatur ad voluptas. Ea eos sit aut sit enim. Quaerat rerum cupiditate ut est. Delectus ut soluta dicta.',	'2023-04-11 10:40:18'),
('9d29e91c-884c-47c4-970a-8f6277403bad',	'4c1fee80-eecb-47ef-9042-c7a5330371bb',	'd1daec58-d712-46f2-92a6-4d006637ad94',	'Odio magnam unde nam eveniet amet perferendis autem. Sit qui sed non earum eius. Sunt consequatur rerum ea odio quis incidunt perspiciatis. Tenetur consequatur ea modi sit ipsum voluptate eveniet.',	'2023-04-11 10:40:33'),
('9df86ee5-fd7f-4966-9706-a5e0ad5fd954',	'4c1fee80-eecb-47ef-9042-c7a5330371bb',	'00951d5d-cb88-43a6-949f-e4a8535aa92f',	'Eligendi quia adipisci quisquam illo quidem voluptatum qui. Autem nihil voluptatibus quam qui repellat. Reprehenderit ratione ut rerum non. Tempore eveniet tempora tempore assumenda consequatur.',	'2023-04-11 10:40:34'),
('9f45ea58-f87c-4d63-b797-66965a8677d7',	'd9391056-02c5-4ea7-8084-1a94e69685f6',	'b12a3ab2-6212-4389-8895-7f5727cda55b',	'Quasi amet consequatur vitae. Itaque quia dolorum omnis molestiae. Incidunt voluptas eveniet quo impedit expedita voluptas.',	'2023-04-11 10:40:53'),
('a16ca8b5-5209-45d2-858c-79c03262f762',	'e099908d-5b0e-42d6-8e9b-2b299570a476',	'9e28ee93-660c-4ec3-90e6-184b638af04f',	'Facilis incidunt modi consequatur. Magni enim qui iure deleniti itaque et hic. Error exercitationem voluptatem molestiae ut est iste dolores. Reprehenderit pariatur rerum totam dolor numquam.',	'2023-04-11 10:40:26'),
('a1cb5d1a-d0c5-4840-96f9-e4a06cdb9b80',	'4c1fee80-eecb-47ef-9042-c7a5330371bb',	'e806d2af-4b0d-4163-a1ce-08700db40e5a',	'Maxime eaque qui totam est. Ea sunt vero ipsa ducimus voluptate praesentium illo earum. Vel velit nihil soluta hic similique veniam libero. Occaecati totam et perferendis inventore dolor esse nam.',	'2023-04-11 10:40:32'),
('a23ee136-44ec-4565-b52f-7394af397c8c',	'd9391056-02c5-4ea7-8084-1a94e69685f6',	'9381859a-8316-410d-8d3c-74a0dcba38f8',	'Illum voluptates voluptatem libero dolor saepe aperiam. Id ut dignissimos sapiente quasi sint. Asperiores facere et eum enim. Aut natus provident deserunt omnis facere dolor sunt.',	'2023-04-11 10:40:51'),
('a26c2433-cf79-40d1-9442-248e93186acd',	'c3d2b52f-e38f-454a-b56a-b73fba9e9f99',	'044e88ce-c160-4a05-8759-129ef06c3248',	'Dolores facilis animi numquam voluptas. Facilis a nostrum quae labore aliquid. Facilis tenetur corporis eum autem ex eius. Unde voluptatum voluptatibus molestias perferendis iste.',	'2023-04-11 10:40:49'),
('a2831d22-0ff2-4483-be1d-c4f09ae325e4',	'c3d2b52f-e38f-454a-b56a-b73fba9e9f99',	'8135dc2c-dfd9-4a1f-b6b0-339bd8f66e8b',	'Enim quia voluptatem est commodi. Illo et illo repudiandae qui id. Et ea nihil aliquid incidunt natus nam est et.',	'2023-04-11 10:40:47'),
('a39a3e2b-d1db-411c-b04e-63fd008411d0',	'ab465e62-d09f-4d5c-84ff-32c95b3d9cf8',	'39704877-3c9f-4015-8cfc-f9d90afcb539',	'Aliquid facilis pariatur omnis autem et. In assumenda rerum distinctio quae eos. Iusto quia dolorem ut maiores. Et aut non dolorum. Vel hic qui vero fuga doloremque. Ea quia dolores similique assumenda vero.',	'2023-04-11 10:40:41'),
('a4a12642-9554-440f-8d16-b934450438b6',	'4c1fee80-eecb-47ef-9042-c7a5330371bb',	'4d39c82e-b777-4904-a5f6-2d6c9ea73d1d',	'Autem cupiditate tenetur qui ullam. Nulla aspernatur ut labore nostrum dolorem eveniet est. Cum ipsum quis odio cupiditate temporibus inventore excepturi. Esse rerum molestiae voluptatibus possimus iste exercitationem.',	'2023-04-11 10:40:35'),
('a4a3403e-5eb4-4916-8448-3d5e2588ba4d',	'e099908d-5b0e-42d6-8e9b-2b299570a476',	'1621220c-fd19-4b60-ba4a-8ee914b756aa',	'Magni labore voluptatem sequi quaerat. Ipsum ab sunt ratione illo quia non. Laudantium placeat qui deserunt totam error sit omnis. Accusamus vitae et culpa eum aliquam. Molestiae rerum earum earum sit dolor.',	'2023-04-11 10:40:27'),
('a54625a5-0b14-4d9c-97a0-5d3f805d9d14',	'ab465e62-d09f-4d5c-84ff-32c95b3d9cf8',	'd9b92ad0-62ce-42d0-b9e0-e9e61f34d5cf',	'Eos quisquam quo et ea ipsum sint. Quo maxime sed eos perspiciatis ut voluptatem. Voluptas cumque modi qui magni. Eaque ut fuga et beatae. Et quod error esse rerum. Et molestiae optio et.',	'2023-04-11 10:40:42'),
('a58e9995-b907-4184-b9ee-203a5fd29094',	'ab9d2bbd-b01a-4a9f-b8a7-1667646bac42',	'ea7a4b74-c2f9-4a7b-9ea3-5155ec38fef3',	'Voluptas est est necessitatibus dolores asperiores. Aliquam nostrum consequatur est temporibus. Voluptatum quae nulla voluptas est minima. Et consequuntur aut voluptatem dolores non ut totam ad.',	'2023-04-11 10:40:38'),
('a6b79a98-de25-4fc4-9ee5-81d12029142a',	'ab9d2bbd-b01a-4a9f-b8a7-1667646bac42',	'd00f95ab-c43d-45e0-a156-fd96661986ad',	'Est voluptatibus reiciendis sed ipsam ut sed repellendus. Voluptatem dolore a sit molestiae. Numquam fugiat veniam rerum voluptas nihil. Dolores dolorum inventore praesentium ipsam odio praesentium mollitia.',	'2023-04-11 10:40:36'),
('a7173af9-2c6c-4163-a470-dc174a101546',	'c3d2b52f-e38f-454a-b56a-b73fba9e9f99',	'007cdcb9-2705-4198-b462-c719155e10ad',	'Quo ut animi id autem odit esse ut. Quos commodi praesentium ipsam harum. Nam quis tenetur aut voluptas consequuntur.',	'2023-04-11 10:40:47'),
('a7ba6551-a24a-4cd1-96f6-3329ade85874',	'd9391056-02c5-4ea7-8084-1a94e69685f6',	'dc6f8083-9524-4d74-a957-cad5b3f67ca2',	'Et at laborum voluptas pariatur. Aperiam sit labore sunt est hic. Nisi quia quia iure quo quia esse. Tempora officiis voluptas recusandae sit rerum libero.',	'2023-04-11 10:40:52'),
('a8bd2dda-5768-4f6d-bccf-49ad12491b88',	'166a0ea0-f5c9-4e90-9c5a-6c36b1c2b10c',	'0907e287-815b-41c4-847e-ff4c0923a643',	'Et facere quibusdam aut nihil ut saepe explicabo. Voluptas eveniet quaerat cumque facere deserunt quia. Error voluptas nesciunt rerum quasi. Quod praesentium voluptatum blanditiis voluptatem.',	'2023-04-11 10:40:23'),
('a8dda128-0239-4507-9435-6e6be651da74',	'e099908d-5b0e-42d6-8e9b-2b299570a476',	'8ca8f2b3-6af3-409f-9de1-1b3384a97733',	'Qui temporibus cupiditate hic perferendis rem. Et optio quisquam qui distinctio non qui eos. Et ipsum delectus velit nemo velit. Distinctio ut aut accusantium adipisci ipsum ea ad repudiandae.',	'2023-04-11 10:40:26'),
('a952aa8d-1c6c-4f91-8d56-661fd7126ecd',	'e099908d-5b0e-42d6-8e9b-2b299570a476',	'a05169c6-bc37-4a3d-bc07-aa67e37ae0e7',	'Vero incidunt autem molestiae labore maxime consequuntur natus. Illum explicabo dicta atque. Reprehenderit vel libero sit.',	'2023-04-11 10:40:28'),
('ab220505-3f09-4aa6-a5c6-839295f70c70',	'cf640723-d4f3-444c-910c-c5ba2aada28a',	'46b7b510-475d-44d1-837f-7d50e150fc1c',	'Sint beatae laborum numquam. Deleniti necessitatibus minima tempore fugiat unde nesciunt velit. Nobis sed et molestiae enim vero. Velit fugit molestiae corporis nobis cum soluta.',	'2023-04-11 10:40:29'),
('aeaae103-e199-4c5e-a575-4424291a827d',	'4c1fee80-eecb-47ef-9042-c7a5330371bb',	'd1daec58-d712-46f2-92a6-4d006637ad94',	'Cum qui magnam ea saepe excepturi maxime quae. Aut incidunt omnis nihil et placeat ut itaque. Vel expedita ut animi non amet molestiae quia rem. Veritatis necessitatibus magnam est et sunt iusto et vel.',	'2023-04-11 10:40:33'),
('af7f94ba-9953-41b4-b116-8543e09dd5ac',	'4c1fee80-eecb-47ef-9042-c7a5330371bb',	'72f881dd-f442-4183-b540-9f049b6b468d',	'Dignissimos ut voluptatem iusto recusandae ullam voluptatum. Qui laborum voluptas omnis ut consectetur. Nisi illum nihil mollitia distinctio optio ad. Eaque repellat earum est possimus vero est asperiores.',	'2023-04-11 10:40:34'),
('afc14cae-e9ab-413e-b233-2848190bf6c3',	'4c1fee80-eecb-47ef-9042-c7a5330371bb',	'3a7063b6-3e5e-4831-bd36-69becff0fd01',	'Et est optio ullam similique officiis assumenda ab dolorum. Enim eos et veniam eaque rerum cumque alias rerum. Quae adipisci dolor voluptatibus laboriosam.',	'2023-04-11 10:40:33'),
('b0747238-6047-4ca6-9689-f000d26a2ae1',	'ab465e62-d09f-4d5c-84ff-32c95b3d9cf8',	'e6f4ef23-c641-4322-9d8e-4c683422727b',	'Inventore quisquam pariatur pariatur eos tempore et id rerum. A enim ab aspernatur et laboriosam. Qui commodi et dolor quo velit et voluptas.',	'2023-04-11 10:40:40'),
('b1d93573-ca93-42b4-b4b3-149eaa0bf4c2',	'3093f2f6-0598-437d-80ea-5541df959601',	'c40cc46e-5619-4da1-b0c3-73fb976f5220',	'Deserunt eaque omnis excepturi doloribus. Qui soluta et vel cupiditate. Omnis neque magnam et vero minus. Autem et perspiciatis ea harum unde ab aspernatur.',	'2023-04-11 10:40:46'),
('b2601449-5906-4125-a985-ffd7da7bbe88',	'c3d2b52f-e38f-454a-b56a-b73fba9e9f99',	'2fd4e869-7544-4174-a2fc-f09a4e90a5f7',	'Quae aut voluptates rerum ex in. Tempore nisi suscipit consequuntur modi autem a. Enim eius maxime alias nostrum. Unde exercitationem ipsa nihil accusantium deleniti quod. Dolor ut impedit fugiat facilis.',	'2023-04-11 10:40:48'),
('b3f908ea-2d1d-40cc-aa38-a4d4f3d0af2b',	'3093f2f6-0598-437d-80ea-5541df959601',	'e82e8df3-50a5-4ed5-9bbc-d081494b13fd',	'Recusandae et molestias nobis est deleniti. Molestiae neque adipisci est quisquam aut exercitationem. Voluptatem ipsa dolorum voluptas repellendus fugit itaque sit. Quos voluptates nemo enim perferendis quibusdam est.',	'2023-04-11 10:40:45'),
('b5f07ab9-08b0-4af8-9a33-dd5a2dbf55c0',	'ab9d2bbd-b01a-4a9f-b8a7-1667646bac42',	'9c88a352-dd4a-47d6-89a1-f0cfba1b41e4',	'Quaerat et in ex deserunt odit aut debitis. Sed sunt consequatur laborum beatae qui. Molestias modi odio velit eos.',	'2023-04-11 10:40:37'),
('b6c5c35a-7520-4ad8-8600-f84e2662b117',	'cf640723-d4f3-444c-910c-c5ba2aada28a',	'1d039b5d-0a56-4a29-8a94-a5b8b08b5032',	'Minus nisi dolor voluptas expedita. Et quod nemo deleniti corrupti autem excepturi. Adipisci deserunt aut qui illo voluptas labore. Non voluptate aut aperiam eveniet.',	'2023-04-11 10:40:29'),
('b6c69fa7-3dd1-4aa5-96d4-f472b895f97d',	'3093f2f6-0598-437d-80ea-5541df959601',	'e82e8df3-50a5-4ed5-9bbc-d081494b13fd',	'Quisquam et qui quos dolorem minus aut rem numquam. Dolor quis magni consequatur facilis aut maiores.',	'2023-04-11 10:40:45'),
('b873ebd5-335a-4ecc-9d4c-12f91b98a5b8',	'3093f2f6-0598-437d-80ea-5541df959601',	'e2c5747a-7eb9-4acc-ba62-4546948f6216',	'Sed ullam ab dolor et veritatis. Inventore dolores ut sed quos quam voluptas optio. Porro voluptas ut nihil ea consectetur ea.',	'2023-04-11 10:40:44'),
('b8e77936-9059-4a6e-8f2c-8bf9a44c0eb8',	'e099908d-5b0e-42d6-8e9b-2b299570a476',	'99043fdc-527e-4e5d-baa7-09fc23754d9a',	'Explicabo omnis et quaerat autem ratione. Aliquid natus praesentium nisi error et fugiat voluptatem sed. Rem et repudiandae quae ea rem illum et.',	'2023-04-11 10:40:26'),
('b943c5fe-4340-47c2-b09a-fa405c3bdfce',	'e099908d-5b0e-42d6-8e9b-2b299570a476',	'9e28ee93-660c-4ec3-90e6-184b638af04f',	'Recusandae molestias non veritatis quidem. Quae tempore sed sequi. Ea sequi voluptatem et molestiae necessitatibus exercitationem quaerat.',	'2023-04-11 10:40:26'),
('ba17f423-0c16-48fb-adfd-105d53124f6d',	'778abb31-ef75-498f-9adb-7346b7c33b09',	'7c61fa4f-1281-4409-b695-874ad4bd1933',	'Aut eveniet amet consequatur illum sequi repellat amet voluptas. Saepe nihil sunt consequatur exercitationem vero aspernatur deleniti.',	'2023-04-11 10:40:13'),
('bb155f01-e0d5-467c-b76f-4ca553c10c38',	'ab465e62-d09f-4d5c-84ff-32c95b3d9cf8',	'648308d2-6746-4159-87de-69e7dcbe17d8',	'Nemo sunt exercitationem dolorum aliquid. Mollitia nostrum quod maxime magni harum voluptatem. Alias voluptatum distinctio corrupti.',	'2023-04-11 10:40:40'),
('bb3e2504-2ed2-4955-80c3-99d57283fab0',	'ab9d2bbd-b01a-4a9f-b8a7-1667646bac42',	'9c88a352-dd4a-47d6-89a1-f0cfba1b41e4',	'Et voluptatibus a ipsa ab error velit. Quia amet et explicabo et est autem sint. Itaque iure sapiente veniam quae quisquam dolore aut quia. Corrupti sint consequuntur hic delectus rerum.',	'2023-04-11 10:40:37'),
('bd12deaa-5e7b-4b62-94b6-655647ccc27f',	'166a0ea0-f5c9-4e90-9c5a-6c36b1c2b10c',	'5e4a9085-acd5-4e63-8ab7-8f5a25d00d8e',	'Neque quae ab provident mollitia sequi dicta. Autem distinctio sit vel voluptatem et. Blanditiis corrupti et accusantium quia cum. Aut sit ratione qui sequi velit iste a.',	'2023-04-11 10:40:22'),
('bd221c84-ceb8-4a01-b5c7-0be094c48e48',	'778abb31-ef75-498f-9adb-7346b7c33b09',	'572accc9-94e8-4e7e-85ae-e96f5ca70b81',	'Cumque facilis modi amet dignissimos quia possimus. Itaque laboriosam at sed aliquam. Ducimus consequuntur dolorem quibusdam fugit consequatur.',	'2023-04-11 10:40:14'),
('bdd2538b-25a5-4527-9e49-fcf492593e89',	'3093f2f6-0598-437d-80ea-5541df959601',	'e58cf9c6-181e-4480-a60d-67c93f0dcf06',	'Beatae enim ipsum quibusdam qui sed qui. Adipisci dolor amet consequatur aut ut excepturi itaque. Et repellat molestiae sit quam. Consequatur qui doloremque iure autem rerum.',	'2023-04-11 10:40:44'),
('beae194c-1ff0-4ab0-8a65-101734888ab1',	'd9391056-02c5-4ea7-8084-1a94e69685f6',	'1eaa3082-919e-46dd-98c7-609a1eda0464',	'Et minus quas temporibus et nobis. Temporibus quis vero nobis delectus praesentium rerum dolore adipisci. Totam et beatae qui minima itaque sint non velit.',	'2023-04-11 10:40:50'),
('bf189ed5-8690-4d45-8c60-78d5524008a0',	'4c1fee80-eecb-47ef-9042-c7a5330371bb',	'3a7063b6-3e5e-4831-bd36-69becff0fd01',	'Eius placeat doloremque voluptas voluptatem molestiae dolorem. Voluptatem deserunt eius nemo aut quis eum adipisci. Dolorum odio at eligendi in.',	'2023-04-11 10:40:33'),
('bfc926b1-0da7-4adc-ae32-84651d955c65',	'd9391056-02c5-4ea7-8084-1a94e69685f6',	'9ce81438-817f-49fc-965c-522d565f2875',	'Voluptatem itaque commodi voluptatem excepturi repellat enim. Sint voluptas quo et. Aut perspiciatis nostrum officia explicabo quos. Dignissimos odio alias optio voluptatem. Neque non est neque et a quis non.',	'2023-04-11 10:40:52'),
('c346ffd2-a803-4265-9b22-9e82a5677a7f',	'ab9d2bbd-b01a-4a9f-b8a7-1667646bac42',	'1d8599d1-8695-458f-802c-9303e0d12c9c',	'Porro quibusdam consequatur quis dolorem animi. Accusamus consectetur officiis alias possimus. Velit ea ut velit assumenda ipsam quis. Quae voluptatem rerum ut eveniet.',	'2023-04-11 10:40:37'),
('c36d7be6-198a-46f0-b0d0-aea10e95a7f0',	'cf640723-d4f3-444c-910c-c5ba2aada28a',	'37fb0fe9-77f5-4a02-a20f-a139904a6e9c',	'Ea molestiae quis id. Inventore earum iusto eos sit dolor enim quia. Repellendus et dolorum omnis ipsa nostrum. Impedit quod labore saepe dolorem.',	'2023-04-11 10:40:30'),
('c4cf5653-eb50-46d9-ac2b-485adc8d0db0',	'c7d3c1fa-d81d-4cb4-a2a4-400ead517b06',	'c9bbfd35-924a-4078-8482-3df9eafda3b6',	'Quia incidunt sit nesciunt est. Quam cupiditate illum vero dignissimos voluptas omnis quia. Pariatur quos sint aut esse iste ut.',	'2023-04-11 10:40:16'),
('c4dd8e1a-3317-4478-8b24-64d214fb6830',	'ab465e62-d09f-4d5c-84ff-32c95b3d9cf8',	'bde4b290-2f45-45be-bbf7-311e4a92ffdb',	'Natus qui aperiam ea sint dolores. Vel beatae temporibus totam ratione. Iusto totam ratione eum corporis est.',	'2023-04-11 10:40:42'),
('c63e9012-ab45-44c2-b7e2-2349c68887fd',	'ab9d2bbd-b01a-4a9f-b8a7-1667646bac42',	'5a486433-36a0-4b6b-8e9b-d6edbfd8682b',	'Autem tenetur iste praesentium velit. Aut perspiciatis quos est neque aliquam sapiente. Quo ut facere quibusdam quaerat beatae dignissimos quia.',	'2023-04-11 10:40:36'),
('c6d5cd95-c7a8-43da-a5fc-fdca250db0f1',	'ab465e62-d09f-4d5c-84ff-32c95b3d9cf8',	'50c02cb7-a575-4909-99fb-9e0fe84911cf',	'In recusandae voluptate ex eveniet id necessitatibus molestiae et. Quia qui nisi voluptas recusandae enim. Fuga repudiandae sapiente recusandae officia impedit deserunt minima sit. Est est non id consectetur.',	'2023-04-11 10:40:41'),
('c6f22abd-2833-4635-bb43-7b900e5d4298',	'c7d3c1fa-d81d-4cb4-a2a4-400ead517b06',	'98dd1f9b-0487-4fc6-9ce4-0f86bc4ef6e2',	'Soluta necessitatibus architecto repellendus error quae itaque. Ducimus dolor ad dolor officiis odit. Velit aut et molestiae enim. Asperiores non repudiandae eaque ipsa est corporis quo.',	'2023-04-11 10:40:18'),
('c823c23f-218a-4d8c-bf54-4af149454a39',	'166a0ea0-f5c9-4e90-9c5a-6c36b1c2b10c',	'88de20c6-fb85-41f6-b58f-506203016f75',	'Repellendus possimus laboriosam delectus id vitae doloremque aut. Cupiditate aliquid dolorem tenetur iusto aut et.',	'2023-04-11 10:40:22'),
('c8b0633b-79be-481a-b3fa-593361d22992',	'4c1fee80-eecb-47ef-9042-c7a5330371bb',	'aa28add7-4c05-4e91-a287-0a5e832f52cd',	'Doloribus explicabo architecto omnis consequatur. Consequatur consequatur omnis totam blanditiis praesentium laboriosam. Voluptatibus ut ex praesentium qui autem laboriosam. Quod nihil quis dolorem non adipisci quaerat.',	'2023-04-11 10:40:35'),
('c97ab3fc-5c21-4813-b652-a6598d7e8b3c',	'e099908d-5b0e-42d6-8e9b-2b299570a476',	'a15470e8-de33-4e6d-b0a3-a7c99158deda',	'Error et nihil dolore dolorem et perferendis. Rerum error nemo voluptatem nemo et odit pariatur. Esse incidunt quaerat quo illum dolorem corrupti dicta ipsam. Est impedit explicabo aut deleniti voluptatem.',	'2023-04-11 10:40:25'),
('ca65393c-9251-4784-98c5-ddecc89ca775',	'3093f2f6-0598-437d-80ea-5541df959601',	'7dfd5d7d-3346-4fdf-850e-a66ca8260f5b',	'Laudantium velit dolorem nobis occaecati voluptatum minima. Voluptatem voluptatem vel magnam nihil. Quo quo saepe repellat ab voluptas illo.',	'2023-04-11 10:40:45'),
('cb797fce-fb6a-4479-8130-289ce9b24bd0',	'e099908d-5b0e-42d6-8e9b-2b299570a476',	'2de87129-5d40-4474-8cfa-9e205a790b4f',	'Est quas accusamus incidunt beatae iste explicabo. Qui cumque animi at placeat alias enim. Et officia minima a error fuga dolor. Eaque accusantium non omnis aspernatur ut.',	'2023-04-11 10:40:25'),
('cbbd1b1e-f2dc-472a-826a-da455091a8b5',	'4c1fee80-eecb-47ef-9042-c7a5330371bb',	'351bc9bf-c894-4364-b4db-d9232855bb9a',	'Eum nam itaque labore similique. Iste non culpa nemo ea. Sequi quod error porro sed repudiandae similique at soluta.',	'2023-04-11 10:40:35'),
('cc648022-acc4-4de1-a0d3-4c6660fc5dde',	'ab9d2bbd-b01a-4a9f-b8a7-1667646bac42',	'5eedc0c2-9ed1-4232-a0a9-8ccf99dcd350',	'Eveniet optio accusamus totam consequatur. Dolores commodi labore et odit optio alias. Laudantium cupiditate fugit qui.',	'2023-04-11 10:40:38'),
('cdfac469-e168-4bc6-8dda-711b0ddc6546',	'd9391056-02c5-4ea7-8084-1a94e69685f6',	'7a93128a-ae52-4781-bd1c-9203fc8c26fb',	'Et reprehenderit quidem voluptas a. Tempora dolor culpa error. Qui suscipit itaque architecto inventore repellat. Ut deleniti perferendis rerum nesciunt rem qui. Magni harum et consequatur inventore.',	'2023-04-11 10:40:51'),
('cff43a13-0bc9-4850-9449-a2b322738bf3',	'c3d2b52f-e38f-454a-b56a-b73fba9e9f99',	'1414a94a-b51c-4690-8a71-2b465f898386',	'Tempore hic repudiandae labore labore ut nulla. Fuga molestias doloribus sint eaque. Dolor voluptatibus earum asperiores illum commodi velit sit.',	'2023-04-11 10:40:46'),
('d09cd719-f1ed-4d36-8991-ed6fca58002d',	'cf640723-d4f3-444c-910c-c5ba2aada28a',	'18e0bef0-9f3f-43ee-b216-7d5e4301575c',	'Quisquam iusto nemo iure tempore quasi maiores voluptatum. Dolor perspiciatis dolore officia et excepturi. Dignissimos sunt nesciunt sed. Tenetur in dicta amet maiores commodi cum.',	'2023-04-11 10:40:31'),
('d3cf922a-615e-4f37-810d-ef76425cb5d1',	'e099908d-5b0e-42d6-8e9b-2b299570a476',	'4535c6df-ba6b-43cf-b9ee-f7c8eaf1aa24',	'Enim minima harum quaerat libero ea ullam. Id consequatur quam ut et voluptas. Asperiores autem veritatis modi illum. Eveniet voluptas fugiat nemo culpa quia quisquam quod.',	'2023-04-11 10:40:27'),
('d4ed1558-3a40-45c8-ad2e-dd66743690e0',	'e099908d-5b0e-42d6-8e9b-2b299570a476',	'a05169c6-bc37-4a3d-bc07-aa67e37ae0e7',	'Recusandae assumenda illum ut consequatur distinctio. Doloribus nisi voluptatem commodi qui qui aut ut. Voluptatibus voluptate omnis assumenda fugiat et cupiditate.',	'2023-04-11 10:40:28'),
('d7a3290c-b017-4add-b3fe-f364374350fd',	'778abb31-ef75-498f-9adb-7346b7c33b09',	'1d8ccc80-4a3b-4da5-82a6-7a4b4aa675be',	'Consectetur non vero quas unde provident atque. Non rerum cum eos in. Nihil minus placeat dolor vitae autem est repudiandae ut. Laboriosam fugit quibusdam corrupti enim at.',	'2023-04-11 10:40:13'),
('d7fb8cec-7af6-457c-9a9d-f614ce0e5e46',	'166a0ea0-f5c9-4e90-9c5a-6c36b1c2b10c',	'0907e287-815b-41c4-847e-ff4c0923a643',	'Animi vero odit iusto et laboriosam nisi. Illo aut tempore quidem consequuntur ex et. Voluptatum et eligendi debitis quibusdam eum officiis.',	'2023-04-11 10:40:23'),
('d8d716a1-e7f3-491e-b540-18b5e9813191',	'ab465e62-d09f-4d5c-84ff-32c95b3d9cf8',	'e6f4ef23-c641-4322-9d8e-4c683422727b',	'Maiores accusamus maxime velit quaerat. Ut neque et in.',	'2023-04-11 10:40:40'),
('da0af444-407d-49a1-9f03-6cbdf1b56239',	'4c1fee80-eecb-47ef-9042-c7a5330371bb',	'cad08bfa-4172-4c3e-a492-0e2efbd695ba',	'Autem fugiat libero culpa. Voluptatem eum et enim quidem possimus. Ipsum voluptatem modi exercitationem cupiditate maxime ea. Odio corrupti voluptatem molestias non porro inventore.',	'2023-04-11 10:40:33'),
('db517fb9-3e14-4bff-a2fa-95f3084c9ce6',	'778abb31-ef75-498f-9adb-7346b7c33b09',	'0f569b53-897d-407d-a1b0-b066887dc401',	'Earum quidem omnis quia facere animi possimus. Ut ipsum voluptatem pariatur quo qui maxime reprehenderit itaque. Aspernatur laudantium fuga laudantium provident perspiciatis amet. Aut tenetur minima dolorem impedit iusto.',	'2023-04-11 10:40:12'),
('db892a9f-a893-4dc7-afbd-93a0696f40e9',	'e099908d-5b0e-42d6-8e9b-2b299570a476',	'1621220c-fd19-4b60-ba4a-8ee914b756aa',	'Quas non commodi blanditiis quaerat cum nesciunt natus sapiente. Fugit qui hic aut molestiae porro. Culpa maxime iste harum accusamus dolorum dolorem. Nam ducimus sed odio veniam eum.',	'2023-04-11 10:40:27'),
('db94a4ba-a00c-482e-bb6f-75af4846bdd4',	'166a0ea0-f5c9-4e90-9c5a-6c36b1c2b10c',	'1ae33833-c6a8-4e6a-a629-3c48bd9014ef',	'Quis quo exercitationem vel error in error quae. Est minima officia et aperiam quasi at labore. Accusantium impedit asperiores sit minima sapiente.',	'2023-04-11 10:40:24'),
('dd6a8576-daf8-43e9-a32b-f00957b0d8d3',	'c7d3c1fa-d81d-4cb4-a2a4-400ead517b06',	'fd784e14-b0c5-4dc6-932e-f05848a4ca78',	'Tempora sed incidunt numquam. Voluptatem autem omnis inventore aspernatur. Nisi et nostrum est sunt quasi ut voluptas.',	'2023-04-11 10:40:19'),
('dda9cc1f-0318-4d7f-adbf-2e5c09f98850',	'778abb31-ef75-498f-9adb-7346b7c33b09',	'1d8ccc80-4a3b-4da5-82a6-7a4b4aa675be',	'Omnis voluptatem aut explicabo et dignissimos qui. Sapiente architecto quas et. Placeat consequatur ut voluptas accusantium. Quia exercitationem sint non dignissimos unde.',	'2023-04-11 10:40:13'),
('de88752c-5a60-4c9b-8ef5-733fd55446a8',	'4c1fee80-eecb-47ef-9042-c7a5330371bb',	'e806d2af-4b0d-4163-a1ce-08700db40e5a',	'Expedita repudiandae ut voluptate autem quia rerum est sint. Qui eligendi perspiciatis et numquam corrupti. Voluptatem aut sit et alias odit accusamus. In est blanditiis sed quia eius.',	'2023-04-11 10:40:32'),
('def515ff-b177-442f-98bb-4b0b47a2fcff',	'3093f2f6-0598-437d-80ea-5541df959601',	'c40cc46e-5619-4da1-b0c3-73fb976f5220',	'Cupiditate earum animi consequatur aut enim assumenda qui. Dolor consequatur itaque aspernatur sunt. Excepturi ex aliquam voluptas ab nam ut laudantium laudantium. Qui perspiciatis optio eligendi blanditiis.',	'2023-04-11 10:40:46'),
('df638796-9fbb-48b5-bb13-2d1c65b9922a',	'd9391056-02c5-4ea7-8084-1a94e69685f6',	'5ad19dfb-891f-426f-ad7e-5c94f098f598',	'Consectetur et quo voluptatum voluptatum. Sit optio ut sunt officia. Quo et velit mollitia voluptate nobis nihil ea numquam.',	'2023-04-11 10:40:52'),
('e029ba3a-5421-49a8-af66-fbbe682a5fea',	'ab465e62-d09f-4d5c-84ff-32c95b3d9cf8',	'50c02cb7-a575-4909-99fb-9e0fe84911cf',	'Nobis quia alias non. Optio dolor aut qui modi accusamus itaque. Non amet aperiam dolor error eius repellendus.',	'2023-04-11 10:40:40'),
('e0c57b5a-5a57-4bed-a455-7b0f80c13a1e',	'ab9d2bbd-b01a-4a9f-b8a7-1667646bac42',	'75b67cb8-035e-4067-b84b-d0fd19f6025b',	'Culpa beatae non consequatur doloremque. Totam qui delectus praesentium repudiandae dolores sed. Rem sed vero ut consequuntur autem error soluta.',	'2023-04-11 10:40:39'),
('e2334293-f6be-40ad-867f-029da04ef84c',	'ab465e62-d09f-4d5c-84ff-32c95b3d9cf8',	'6e8aa413-6ce7-4b75-aca0-c345c6dcd1ed',	'Quod voluptate harum veritatis ea. Deserunt aut doloremque vero at reiciendis fugit eaque. Magnam culpa minus accusantium doloribus. Praesentium quia sunt ipsa et.',	'2023-04-11 10:40:40'),
('e2a38b87-ad5b-44f9-9ef7-59b699ddb35b',	'd9391056-02c5-4ea7-8084-1a94e69685f6',	'b934e612-f568-415d-989d-08fcbf99ae84',	'Temporibus expedita quia et quia qui ut sit. Et magnam tenetur alias non rerum odit facere.',	'2023-04-11 10:40:51'),
('e2cf9f8a-2525-4dd3-9ef8-a22ee1bf9c4d',	'ab465e62-d09f-4d5c-84ff-32c95b3d9cf8',	'39bbdcad-836e-4a8b-92e7-745345cd4f9a',	'Qui mollitia omnis quaerat culpa consequuntur sit enim enim. At perspiciatis eius ut esse tenetur. Rerum vel quo adipisci aliquam totam. Et est officia dolore illo qui illo quam.',	'2023-04-11 10:40:41'),
('e2df45f9-de30-44fd-b255-2eb8ecabc4cf',	'c7d3c1fa-d81d-4cb4-a2a4-400ead517b06',	'f5421bf0-b025-4b81-bcae-4cf85708920a',	'Excepturi consequatur cum culpa. Aut rerum aut id voluptas rerum dignissimos dolorum. Recusandae nam et quae.',	'2023-04-11 10:40:18'),
('e3002946-a1e9-4cd9-b460-88c6993930b6',	'ab9d2bbd-b01a-4a9f-b8a7-1667646bac42',	'5a486433-36a0-4b6b-8e9b-d6edbfd8682b',	'Esse et quia ipsa et culpa asperiores quisquam. Maiores perspiciatis nostrum nam amet eius adipisci dolor accusantium. Qui sint sed sed voluptates quia.',	'2023-04-11 10:40:36'),
('e36e98fc-afc0-4590-8dad-3a1a88981719',	'd9391056-02c5-4ea7-8084-1a94e69685f6',	'df4b8acf-6aef-4052-8143-a5e0963d1eaf',	'Dolorem tenetur perferendis dolorem consequatur voluptas itaque recusandae. Excepturi illo excepturi corrupti et quos provident expedita aut. Molestiae dignissimos occaecati similique rerum dolore numquam suscipit.',	'2023-04-11 10:40:50'),
('e4f1d74d-a7f1-443d-b368-109bd04965b8',	'3093f2f6-0598-437d-80ea-5541df959601',	'05a10caf-bcc4-417a-89d5-c34ac9d2faf4',	'Quis est hic et saepe earum et ipsam. Odit nobis non dolorum velit numquam modi molestias.',	'2023-04-11 10:40:44'),
('e58c88c7-cf9c-457d-844d-f7bf9f555f8d',	'ab465e62-d09f-4d5c-84ff-32c95b3d9cf8',	'a3d1bac7-ab4f-4cd2-b4fe-0877a5ab3586',	'Eveniet earum architecto quae ea soluta rerum est. Voluptatem consectetur quod est accusantium est. Blanditiis ea eligendi et quos rem animi ut ex. Porro iure voluptatem molestiae cumque est.',	'2023-04-11 10:40:40'),
('e65449bc-9cc4-438e-bfab-9919542eba70',	'ab465e62-d09f-4d5c-84ff-32c95b3d9cf8',	'6e8aa413-6ce7-4b75-aca0-c345c6dcd1ed',	'Quia non illum earum adipisci est deleniti. Totam eligendi tenetur autem qui dolores veritatis numquam ex. Voluptas ea non enim aut. Perspiciatis voluptas iste illum sint.',	'2023-04-11 10:40:40'),
('e6a692c7-23b1-44f9-a590-9e30b4ff8764',	'ab465e62-d09f-4d5c-84ff-32c95b3d9cf8',	'39bbdcad-836e-4a8b-92e7-745345cd4f9a',	'Et natus aliquam et quidem aut adipisci. Dolorum porro vel quisquam numquam dolor soluta omnis.',	'2023-04-11 10:40:41'),
('e7580ce5-8769-4d9e-a45e-7dc7671bfddc',	'd9391056-02c5-4ea7-8084-1a94e69685f6',	'b5481f2c-d97c-4bc7-a111-0e1651409e23',	'Maxime culpa sequi qui sed officia sunt harum. Aut et sunt pariatur. Voluptatem quis aut laboriosam ut. Sed est sequi provident incidunt nobis expedita cum. Sit necessitatibus omnis maiores distinctio aut laboriosam culpa.',	'2023-04-11 10:40:53'),
('e7bb9780-84ff-459a-b422-37344923fbce',	'778abb31-ef75-498f-9adb-7346b7c33b09',	'9c983c05-69c1-4c45-9a65-a40d1e8e511c',	'Fugit doloribus ut ratione rerum alias. Quo animi minus quis ullam. Dolores nam magni culpa nemo veniam sunt eos. Quo atque eum quia ut voluptatum.',	'2023-04-11 10:40:14'),
('e8a200a3-bb43-4b3b-b088-8d93aa94cb61',	'4c1fee80-eecb-47ef-9042-c7a5330371bb',	'4d39c82e-b777-4904-a5f6-2d6c9ea73d1d',	'Maxime beatae consequatur ab reprehenderit autem pariatur. Sequi illum labore id ratione autem. Adipisci ut fuga hic rem.',	'2023-04-11 10:40:35'),
('e8a20dac-445d-400a-89b1-c68d0c5a3e00',	'166a0ea0-f5c9-4e90-9c5a-6c36b1c2b10c',	'969555cb-f334-4adc-8d96-912c33a0a1ec',	'Velit doloremque est iste nemo hic. Distinctio nisi iure deleniti aut saepe iure ipsam. Dolorem dolore veritatis et officiis alias ut.',	'2023-04-11 10:40:22'),
('e8a90d58-cfad-4892-9c16-f729867cf577',	'4c1fee80-eecb-47ef-9042-c7a5330371bb',	'9bca315e-7cd2-4356-b304-fecac22daedd',	'Debitis ea nihil eos nisi odio. Et quibusdam velit velit dicta ut. Ut earum corporis perspiciatis autem dolorum similique aut. Impedit culpa minima eveniet qui est consequatur vel.',	'2023-04-11 10:40:34'),
('e8e06f28-6e6a-473c-ae0d-24af6fb493bd',	'ab465e62-d09f-4d5c-84ff-32c95b3d9cf8',	'4cad2662-cafc-4755-8f32-d9a1f99b63e4',	'Sit accusantium accusamus quidem laboriosam nulla vel. Exercitationem commodi quis voluptatem omnis.',	'2023-04-11 10:40:43'),
('e9633448-34d7-4d45-a0bb-b34a3421bcaa',	'ab9d2bbd-b01a-4a9f-b8a7-1667646bac42',	'1398c7c5-7de3-4625-b74c-e6d5565110f0',	'Consequatur est qui dolor voluptate quibusdam tempore dolorem. Labore est dolores mollitia ullam. Sit ut molestiae necessitatibus corrupti sequi deleniti voluptas et. Est eaque iste sit officiis magnam.',	'2023-04-11 10:40:36'),
('eb17d43f-c9e3-4cb2-8393-d1b5ee8805b0',	'778abb31-ef75-498f-9adb-7346b7c33b09',	'0f569b53-897d-407d-a1b0-b066887dc401',	'Maxime labore animi qui est quam qui. Non et quae iure voluptas et eos et. Modi temporibus repudiandae vero sit ullam cupiditate.',	'2023-04-11 10:40:12'),
('eb58787c-170d-4146-9858-10125f495f6f',	'cf640723-d4f3-444c-910c-c5ba2aada28a',	'd85fc473-12df-49f5-b1a4-1b42a961b5bf',	'Natus ut enim et consequatur numquam. Provident tempore debitis nemo distinctio in.',	'2023-04-11 10:40:31'),
('ecd160c0-36e8-494f-b9e9-ecb23dc8a93d',	'cf640723-d4f3-444c-910c-c5ba2aada28a',	'fb355a85-6b47-4276-a270-72f8e68f73c4',	'Quae ex voluptas ducimus eos voluptatum. Delectus sunt voluptas dignissimos nesciunt sequi at. Alias vero voluptates omnis qui optio. Porro sint repellendus est quia alias aut temporibus.',	'2023-04-11 10:40:31'),
('ed8f02d0-ff95-461d-8914-8efdcbb3b1f7',	'4c1fee80-eecb-47ef-9042-c7a5330371bb',	'9bca315e-7cd2-4356-b304-fecac22daedd',	'Architecto pariatur nisi aut sit rem et. Veritatis omnis iure necessitatibus eaque deleniti deserunt beatae. Quam ut molestiae vel qui accusantium. Qui quam quasi non doloremque officiis sapiente blanditiis.',	'2023-04-11 10:40:34'),
('eea5300f-c1c0-48c4-aeae-7098ab64a682',	'c3d2b52f-e38f-454a-b56a-b73fba9e9f99',	'b627ee9e-2017-4387-b333-c15f6b3826ed',	'Consequatur non magni perferendis eveniet. Voluptates odio illum ut adipisci itaque officiis dolorem. Officia vitae harum commodi provident.',	'2023-04-11 10:40:48'),
('ef0538a9-f0e8-44b4-88d2-ae63d6b16359',	'ab9d2bbd-b01a-4a9f-b8a7-1667646bac42',	'5eedc0c2-9ed1-4232-a0a9-8ccf99dcd350',	'Dicta necessitatibus repellat voluptatem tenetur deserunt sit. Maiores dolorem fugit sit alias velit doloribus. Sit nobis nobis corrupti labore.',	'2023-04-11 10:40:38'),
('ef4cd991-b0d4-44f7-9014-6f0897bae91f',	'c7d3c1fa-d81d-4cb4-a2a4-400ead517b06',	'a98ef202-117c-4973-a389-c5858d712688',	'Illum sint nihil aut eos dolores rerum blanditiis repellat. Nihil aut impedit dolor ea. Sunt dignissimos quo nostrum commodi minima. Modi facere iusto omnis et aliquam sit.',	'2023-04-11 10:40:16'),
('ef9e1b73-7293-4f0b-86f2-7ba9d1a89df3',	'778abb31-ef75-498f-9adb-7346b7c33b09',	'54b1a2f1-0c1e-4ab6-a5f8-f9e0f76848aa',	'Neque quis veniam totam praesentium magnam doloribus. Modi ab sapiente at ut sunt. Accusantium voluptates ut et soluta. Impedit quaerat illo inventore eaque ut rem excepturi ratione.',	'2023-04-11 10:40:13'),
('effda498-5687-456d-9f94-604d69947872',	'3093f2f6-0598-437d-80ea-5541df959601',	'584d7d71-a573-441b-9cc7-f031526da221',	'Quae delectus laboriosam aut quia sint eum laborum. Dolorem quia sit nam nulla sit non. Aut sit dolores qui corporis aut vero. Natus vero vel dolorum asperiores iusto dolorem. Dicta deleniti et doloribus dolor.',	'2023-04-11 10:40:43'),
('f0f90650-a6a3-47bb-b584-61c6c9987802',	'ab465e62-d09f-4d5c-84ff-32c95b3d9cf8',	'63c94b3e-1ebc-471f-9b52-88cedc4d6a1e',	'Officia cum fuga autem nobis velit. Autem neque distinctio asperiores enim. Sunt officiis minima eos id nobis.',	'2023-04-11 10:40:41'),
('f1988eeb-834e-4148-8557-1ea1357e8a23',	'c7d3c1fa-d81d-4cb4-a2a4-400ead517b06',	'1da87bf1-f05a-40fa-a6b0-b05bc1814f06',	'Dolores aut omnis dicta amet quo minus dolor possimus. Error enim necessitatibus enim illum vel numquam mollitia.',	'2023-04-11 10:40:17'),
('f1f60201-7bec-4d3e-97ca-3b1357138887',	'4c1fee80-eecb-47ef-9042-c7a5330371bb',	'7d9f4cef-e5e6-49e1-870f-6da934ff995d',	'Qui vel corrupti asperiores esse magni qui animi. Et nemo non laborum possimus aut eius. Iusto ipsam nihil tempora animi. Adipisci non in ut nemo ut ut eligendi id.',	'2023-04-11 10:40:34'),
('f26bd726-6b4b-4431-a182-3f8c7dd26cf7',	'cf640723-d4f3-444c-910c-c5ba2aada28a',	'1d039b5d-0a56-4a29-8a94-a5b8b08b5032',	'Natus facilis fugit amet qui aliquid qui ipsum. Aut voluptatum id ea perspiciatis quaerat. Praesentium et aspernatur ex consequatur assumenda quaerat at.',	'2023-04-11 10:40:29'),
('f2a0dd15-6959-4a5b-8fb6-49797faabfde',	'cf640723-d4f3-444c-910c-c5ba2aada28a',	'ee025918-1a1e-49aa-aee9-0affc018cee6',	'Odio tenetur et ea consectetur repellendus odit voluptatem. Quae aut voluptatem ad consequuntur quisquam ipsam. Aut voluptates voluptatum nisi tempore. Et architecto maxime perferendis dolorem nihil in.',	'2023-04-11 10:40:30'),
('f384fd7d-de1c-419c-b9b3-fa321e24476f',	'cf640723-d4f3-444c-910c-c5ba2aada28a',	'a3a1edfa-8f77-404a-8ea9-4ce8dcdca99a',	'Sint est nihil eius et maxime aut consectetur aperiam. Et voluptatem sunt soluta doloremque quo est. Dolorum et ipsam molestiae et. Repellat non natus nihil esse autem.',	'2023-04-11 10:40:30'),
('f45b5cee-e9c6-4614-bb48-2e99a83ca8d9',	'166a0ea0-f5c9-4e90-9c5a-6c36b1c2b10c',	'1ae33833-c6a8-4e6a-a629-3c48bd9014ef',	'Accusantium deleniti amet nostrum id. Nobis eveniet numquam non quo. Et error fuga totam quo.',	'2023-04-11 10:40:24'),
('f649754b-f975-40af-9847-2606d4408f4d',	'c3d2b52f-e38f-454a-b56a-b73fba9e9f99',	'007cdcb9-2705-4198-b462-c719155e10ad',	'Exercitationem dolor cupiditate dolor velit. Quia nobis ducimus sit dolorum consequatur. Quod eveniet nulla omnis.',	'2023-04-11 10:40:47'),
('f7f216a0-5eb4-4cee-9a73-cb03462344be',	'166a0ea0-f5c9-4e90-9c5a-6c36b1c2b10c',	'5561453e-c2bd-4f29-8ed5-83200db9b414',	'Omnis illum nihil ea necessitatibus rem vero qui maxime. Qui cumque aperiam qui blanditiis deleniti. Accusamus corrupti omnis est aliquam ex dolores.',	'2023-04-11 10:40:24'),
('f8269909-5998-4d23-94d7-23ad8f3fed59',	'ab9d2bbd-b01a-4a9f-b8a7-1667646bac42',	'2717160e-b039-4aa0-a49f-a55bba17cfb2',	'Sequi nihil nulla soluta accusamus et. Neque quia voluptatem voluptas est laboriosam debitis a. Nobis ut ut quaerat rerum impedit ut.',	'2023-04-11 10:40:37'),
('f88fccbe-46c8-4349-8e1a-28471638881f',	'166a0ea0-f5c9-4e90-9c5a-6c36b1c2b10c',	'ecfc6ce7-853a-4057-9144-242507c15b82',	'Quia ut voluptatem aliquid enim laboriosam laboriosam. Harum non ratione voluptas. Rerum nesciunt sequi ipsum. Quia ea nihil aut qui id qui debitis.',	'2023-04-11 10:40:22'),
('f927e0f1-a933-40ad-bb56-4a0b969bd8f4',	'cf640723-d4f3-444c-910c-c5ba2aada28a',	'fa62f1e4-0aec-4030-b1c5-e508ce14f33a',	'Voluptatibus tempora est ipsum nihil quis. Iste adipisci sint mollitia perferendis a maiores. Ut debitis praesentium dicta sunt hic fugit.',	'2023-04-11 10:40:31'),
('f939d5dd-a824-494b-85b0-544d9bcc7846',	'e099908d-5b0e-42d6-8e9b-2b299570a476',	'18d10fae-af60-4b93-82e5-33c16d6b0a09',	'Est aut molestiae earum rerum aut pariatur delectus. Animi praesentium et eveniet maiores aut maiores tenetur quia. Voluptas sint beatae vel repellendus. Quia maxime sint unde illum fugiat. Corporis eum eos omnis.',	'2023-04-11 10:40:25'),
('fa5f09d8-fe1a-48d2-8609-c272e3399002',	'ab465e62-d09f-4d5c-84ff-32c95b3d9cf8',	'601c419f-3e29-4af9-a6f5-814ee39f0d38',	'Ipsum ea sequi nulla placeat cupiditate provident accusamus. Veniam illo voluptatem minima mollitia ex culpa. Non et quibusdam aut reprehenderit molestias reprehenderit non.',	'2023-04-11 10:40:43'),
('fb41a430-9d29-42cc-9472-2415b3a3e038',	'd9391056-02c5-4ea7-8084-1a94e69685f6',	'621317d3-8c94-439e-986f-b31e915e005c',	'Deserunt nisi dolor neque. Nemo adipisci voluptatem est. Ex aut perferendis dolores eos. Quaerat numquam esse ducimus occaecati. Suscipit nihil quo inventore quaerat eos.',	'2023-04-11 10:40:51'),
('fb96ae79-cee7-404b-ad76-2c86ac54a657',	'ab9d2bbd-b01a-4a9f-b8a7-1667646bac42',	'75b67cb8-035e-4067-b84b-d0fd19f6025b',	'Amet quam reiciendis consectetur sit eveniet ullam earum. Aliquid error vero sit laboriosam explicabo incidunt. Rerum veritatis tempore qui tempora incidunt aut.',	'2023-04-11 10:40:38'),
('fbea748b-17ed-4865-9b72-6d848bddb215',	'd9391056-02c5-4ea7-8084-1a94e69685f6',	'9381859a-8316-410d-8d3c-74a0dcba38f8',	'Eos culpa nostrum quidem quia. Dolorum neque nemo inventore ad aliquam. Quis consequatur harum earum.',	'2023-04-11 10:40:51'),
('fcfe1557-8967-4b7e-9d39-ba1abaead1e3',	'c7d3c1fa-d81d-4cb4-a2a4-400ead517b06',	'f5421bf0-b025-4b81-bcae-4cf85708920a',	'Praesentium aut neque fuga. Illum incidunt voluptatem nobis dolor culpa. In omnis molestiae recusandae in sunt at iure.',	'2023-04-11 10:40:18'),
('fe5b4c6b-e8d4-49a0-9a11-46266bd8743b',	'e099908d-5b0e-42d6-8e9b-2b299570a476',	'e71565b4-8c53-4660-8427-936181d874c4',	'Modi quis suscipit et ullam occaecati. Deleniti ratione fugiat provident quis eum sint. Et ea veniam ad.',	'2023-04-11 10:40:28'),
('fee7a04e-00a8-4360-9759-ddfc906b7bfc',	'778abb31-ef75-498f-9adb-7346b7c33b09',	'ad734586-4614-4108-aa80-443c2ff6ade4',	'Illo totam id recusandae et. Soluta itaque sit velit illo. Rerum ratione eaque ipsa maxime dolorem aperiam consequatur.',	'2023-04-11 10:40:12'),
('ffa9ed4d-2ce7-454e-8dac-ccd523945593',	'ab9d2bbd-b01a-4a9f-b8a7-1667646bac42',	'd6838eb9-55a9-458b-a77e-e4b68fc41a91',	'Quae atque est molestiae vero. Ut voluptas aut a eius quia. Sint rerum ea quos quo autem animi.',	'2023-04-11 10:40:36');

DROP TABLE IF EXISTS `conversation`;
CREATE TABLE `conversation` (
  `id_conversation` varchar(36) NOT NULL,
  `id_sender` varchar(36) NOT NULL,
  `id_recipient` varchar(36) NOT NULL,
  `is_established` tinyint(1) NOT NULL DEFAULT 0,
  PRIMARY KEY (`id_conversation`),
  KEY `FK_Conversation_User_Sender_idx` (`id_sender`),
  KEY `FK_Conversation_User_Recipient_idx` (`id_recipient`),
  CONSTRAINT `FK_Conversation_User_Recipient` FOREIGN KEY (`id_recipient`) REFERENCES `user` (`id_user`),
  CONSTRAINT `FK_Conversation_User_Sender` FOREIGN KEY (`id_sender`) REFERENCES `user` (`id_user`)
) ENGINE=InnoDB DEFAULT CHARSET=utf8mb4 COLLATE=utf8mb4_unicode_ci;


DROP TABLE IF EXISTS `group`;
CREATE TABLE `group` (
  `id_group` varchar(36) NOT NULL,
  `name` varchar(250) NOT NULL,
  `description` varchar(1000) NOT NULL,
  `image` varchar(250) DEFAULT NULL,
  `created_at` timestamp NOT NULL,
  `updated_at` timestamp NULL DEFAULT NULL,
  PRIMARY KEY (`id_group`)
) ENGINE=InnoDB DEFAULT CHARSET=utf8mb4 COLLATE=utf8mb4_unicode_ci;

INSERT INTO `group` (`id_group`, `name`, `description`, `image`, `created_at`, `updated_at`) VALUES
('009cf6e4-7ee0-4557-86ad-153b7f79ddf5',	'sunt',	'asperiores aut rerum qui excepturi omnis repellendus neque inventore ut praesentium eius maxime sit quis',	'https://via.placeholder.com/500x250.png/0044dd?text=nihil',	'2023-04-11 10:40:42',	'2023-04-11 10:40:42'),
('063544ec-ba80-495d-8559-ec0d689f81ef',	'nobis',	'nihil fuga voluptatem in assumenda accusantium adipisci sit ipsum quas quae harum perspiciatis dolores accusantium',	'https://via.placeholder.com/500x250.png/00dd77?text=ut',	'2023-04-11 10:40:21',	'2023-04-11 10:40:21'),
('06eb35d1-9de7-4289-a30f-2334d609224e',	'animi',	'consequuntur nesciunt corrupti fuga provident ut delectus rerum soluta minus rerum similique accusantium veritatis rem',	'https://via.placeholder.com/500x250.png/007777?text=dolorem',	'2023-04-11 10:40:32',	'2023-04-11 10:40:32'),
('07eb434c-3140-4291-a8f8-d7539ccc1204',	'soluta',	'iure earum dolores dolores enim possimus sed culpa mollitia ratione voluptatum cupiditate sed neque maxime',	'https://via.placeholder.com/500x250.png/00ccbb?text=omnis',	'2023-04-11 10:40:16',	'2023-04-11 10:40:16'),
('0f1445d7-3845-484a-bd8f-496100cc1c13',	'et',	'qui perferendis pariatur aut neque quia alias blanditiis quas eum eveniet et et tempore aliquid',	'https://via.placeholder.com/500x250.png/005599?text=quasi',	'2023-04-11 10:40:45',	'2023-04-11 10:40:45'),
('15504dbd-b504-4105-9582-6ed77b17fa5c',	'quia',	'beatae veritatis quod dolore est hic earum ut occaecati repudiandae maxime quam est omnis et',	'https://via.placeholder.com/500x250.png/002277?text=et',	'2023-04-11 10:40:19',	'2023-04-11 10:40:19'),
('1649cc1e-13ba-4180-91f0-7cfd92d3dbef',	'at',	'aut eaque praesentium consequuntur omnis libero illum earum modi quo nulla ab distinctio qui at',	'https://via.placeholder.com/500x250.png/0033bb?text=quia',	'2023-04-11 10:40:19',	'2023-04-11 10:40:19'),
('22cc7d7e-c18a-457a-82d1-48cee19cc6e9',	'quas',	'earum vitae provident alias optio nostrum est consequuntur tempore adipisci et quasi odio et eligendi',	'https://via.placeholder.com/500x250.png/002200?text=nam',	'2023-04-11 10:40:52',	'2023-04-11 10:40:52'),
('2a72b028-d15b-4ce3-9f81-97d3b82fe8d7',	'placeat',	'mollitia consectetur et nihil error quaerat eos illum ratione cum consequatur odio dolores molestias nisi',	'https://via.placeholder.com/500x250.png/00eebb?text=earum',	'2023-04-11 10:40:15',	'2023-04-11 10:40:15'),
('307aff30-1580-49bf-ba29-f20a45377d4a',	'omnis',	'aut voluptate facilis quis qui officia eius tenetur rerum natus dolor libero ut non deleniti',	'https://via.placeholder.com/500x250.png/00ffee?text=ratione',	'2023-04-11 10:40:32',	'2023-04-11 10:40:32'),
('3b8f3296-d676-4d73-aa03-fd820cf254b3',	'consequuntur',	'non dolorem natus voluptatem sint quidem autem rerum inventore voluptas quia autem nulla mollitia consequatur',	'https://via.placeholder.com/500x250.png/00cc66?text=ullam',	'2023-04-11 10:40:14',	'2023-04-11 10:40:14'),
('3bcf1ff5-0787-48c7-8847-bdefa1f1966e',	'porro',	'cum ut doloremque quia at sunt atque ut ullam numquam est rerum assumenda vel fugiat',	'https://via.placeholder.com/500x250.png/00aadd?text=quo',	'2023-04-11 10:40:20',	'2023-04-11 10:40:20'),
('3d7841c2-4e2c-47b2-a7a6-5582ed1b5311',	'qui',	'dolorem nemo voluptate et odit quia ex eaque nostrum ipsam temporibus qui saepe minus maiores',	'https://via.placeholder.com/500x250.png/0088ff?text=consequatur',	'2023-04-11 10:40:15',	'2023-04-11 10:40:15'),
('43474374-71fc-48cf-aa64-b61a612fbc00',	'mollitia',	'in est et molestias tempore blanditiis ut totam corrupti est sunt quaerat veritatis nulla consequuntur',	'https://via.placeholder.com/500x250.png/007755?text=dolores',	'2023-04-11 10:40:23',	'2023-04-11 10:40:23'),
('474d83ab-6a69-4604-a63c-2ed728bbe807',	'dolor',	'illum repellendus et deleniti sit nisi at nobis est modi sint praesentium vel iure ad',	'https://via.placeholder.com/500x250.png/00bb66?text=quos',	'2023-04-11 10:40:19',	'2023-04-11 10:40:19'),
('4d4e6400-29af-4a38-aaec-0f5b419e600b',	'vel',	'dolorum voluptatem architecto omnis occaecati veritatis ullam dicta animi dolore suscipit dolorum molestiae quia optio',	'https://via.placeholder.com/500x250.png/001188?text=est',	'2023-04-11 10:40:20',	'2023-04-11 10:40:20'),
('530951b4-818b-49e2-a981-307f289bc1ce',	'maiores',	'animi asperiores reiciendis aperiam id maiores ea quia aperiam totam sunt doloremque consectetur aliquam eos',	'https://via.placeholder.com/500x250.png/006600?text=nemo',	'2023-04-11 10:40:20',	'2023-04-11 10:40:20'),
('61e38994-df39-4718-9c23-31755041741e',	'dignissimos',	'qui voluptatem dolorum voluptatem voluptatem accusamus et ipsa minus molestias aliquid et cupiditate cum ut',	'https://via.placeholder.com/500x250.png/00dd33?text=omnis',	'2023-04-11 10:40:39',	'2023-04-11 10:40:39'),
('6ecbd805-d8e3-46fc-9ab9-53e2bbf69b19',	'ab',	'ipsa libero temporibus totam blanditiis mollitia vel hic natus nobis sed rerum laborum rerum quis',	'https://via.placeholder.com/500x250.png/004499?text=enim',	'2023-04-11 10:40:19',	'2023-04-11 10:40:19'),
('70792eb3-9553-4e22-b9fe-035964ba0c1f',	'itaque',	'id saepe ut eligendi fugiat rerum repellendus magnam accusantium neque natus rerum vel nulla omnis',	'https://via.placeholder.com/500x250.png/00dd88?text=voluptatem',	'2023-04-11 10:40:12',	'2023-04-11 10:40:12'),
('79d626b9-2530-4045-ba49-c7fff7feb947',	'tempore',	'officiis ab quam voluptas itaque quia enim repudiandae explicabo reprehenderit eius officia sit est nihil',	'https://via.placeholder.com/500x250.png/0022bb?text=excepturi',	'2023-04-11 10:40:39',	'2023-04-11 10:40:39'),
('7ab4c7f6-8e38-4069-afa3-434fe6bda012',	'in',	'molestiae voluptatum in molestiae illo et itaque voluptas quos aut distinctio vel suscipit sunt nisi',	'https://via.placeholder.com/500x250.png/00aa33?text=sed',	'2023-04-11 10:40:39',	'2023-04-11 10:40:39'),
('7bb99080-931d-40b9-8949-b98a4338b15c',	'dolor',	'ut repellat reprehenderit deserunt atque deleniti consectetur voluptas maiores sunt aut et pariatur provident iure',	'https://via.placeholder.com/500x250.png/0022cc?text=nostrum',	'2023-04-11 10:40:17',	'2023-04-11 10:40:17'),
('81431ccb-575a-4e5f-bad4-515c597ef2a1',	'sit',	'et est et et earum veritatis aut accusantium pariatur atque et sequi in perspiciatis at',	'https://via.placeholder.com/500x250.png/0044aa?text=unde',	'2023-04-11 10:40:44',	'2023-04-11 10:40:44'),
('8458cec7-6fe3-4826-a254-83ae076f775a',	'voluptatem',	'nesciunt distinctio blanditiis non incidunt dolores alias et soluta corrupti aliquam eos qui sit fugiat',	'https://via.placeholder.com/500x250.png/002299?text=hic',	'2023-04-11 10:40:50',	'2023-04-11 10:40:50'),
('84b700bb-94ab-4816-892f-1aa91678a82e',	'molestias',	'iste vitae praesentium doloremque sint quis impedit quidem iste quidem sunt dolorem et laboriosam natus',	'https://via.placeholder.com/500x250.png/007744?text=laudantium',	'2023-04-11 10:40:28',	'2023-04-11 10:40:28'),
('885ef4d2-e86c-4798-ad3b-26856bb8d44b',	'enim',	'error velit ut sint quas nihil est eum quia inventore vitae rerum molestias ut molestias',	'https://via.placeholder.com/500x250.png/00ff22?text=id',	'2023-04-11 10:40:36',	'2023-04-11 10:40:36'),
('8a9921ee-87e6-4ec6-9dc7-ec1b0e2a3c30',	'pariatur',	'iusto ut in quo sunt non ad quaerat provident autem dolores voluptates blanditiis est voluptatem',	'https://via.placeholder.com/500x250.png/0033ee?text=qui',	'2023-04-11 10:40:20',	'2023-04-11 10:40:20'),
('8e489137-f0ee-4218-815b-62c92f10fef0',	'tempore',	'rerum autem quis sunt rerum iure distinctio nihil velit dolor qui nam molestias sapiente fuga',	'https://via.placeholder.com/500x250.png/00ee44?text=magni',	'2023-04-11 10:40:21',	'2023-04-11 10:40:21'),
('92e6d9a5-a8ca-473a-b9d8-7fe111872912',	'accusamus',	'dolorem eligendi id ut fugit non suscipit praesentium qui hic qui officia aperiam vero suscipit',	'https://via.placeholder.com/500x250.png/004488?text=iste',	'2023-04-11 10:40:50',	'2023-04-11 10:40:50'),
('9a597b01-7f88-4a1a-b877-4de8a73bd822',	'delectus',	'nobis ipsa odio et voluptas quae quae iusto quia qui voluptatem dolorem eos quidem necessitatibus',	'https://via.placeholder.com/500x250.png/00cc33?text=ab',	'2023-04-11 10:40:15',	'2023-04-11 10:40:15'),
('9fb69309-d7ed-4ac1-833b-f2e08610bed1',	'hic',	'in dolor exercitationem dolor et autem laudantium iusto incidunt et quasi eum sint voluptas iste',	'https://via.placeholder.com/500x250.png/001166?text=consequatur',	'2023-04-11 10:40:33',	'2023-04-11 10:40:33'),
('9fc4bd1a-817a-41cd-9ba8-d9ebc9e07cb5',	'qui',	'repudiandae corporis est dolores assumenda deserunt nihil id aut rem consequatur et itaque debitis ut',	'https://via.placeholder.com/500x250.png/009922?text=autem',	'2023-04-11 10:40:41',	'2023-04-11 10:40:41'),
('a0f4df8a-2410-4c7b-ae88-1406d809883b',	'vel',	'sed et eaque odit rerum doloribus voluptatum enim praesentium veniam aliquam rerum quia inventore ut',	'https://via.placeholder.com/500x250.png/0000bb?text=ut',	'2023-04-11 10:40:21',	'2023-04-11 10:40:21'),
('a29dec37-ae2e-4e79-9008-56a42d5a08d4',	'qui',	'dignissimos dicta eveniet delectus qui ea reprehenderit ipsum nihil repellat eum dolorem officiis ipsum animi',	'https://via.placeholder.com/500x250.png/007799?text=non',	'2023-04-11 10:40:28',	'2023-04-11 10:40:28'),
('ab9a3fdc-f12b-4563-a49e-a6999acc9bbf',	'magnam',	'facilis aliquid natus cumque porro sit non autem qui illum autem odit libero qui distinctio',	'https://via.placeholder.com/500x250.png/00cc66?text=consequuntur',	'2023-04-11 10:40:47',	'2023-04-11 10:40:47'),
('af4ff5e4-d6cf-4766-b881-8b729999864e',	'odio',	'cum earum quia quae possimus et laboriosam laboriosam et itaque ratione excepturi earum dicta nulla',	'https://via.placeholder.com/500x250.png/0000ee?text=esse',	'2023-04-11 10:40:27',	'2023-04-11 10:40:27'),
('b147320f-0eaf-436d-b961-755ce9cb44ac',	'assumenda',	'dignissimos quibusdam dolore veniam soluta possimus architecto error consequatur aut qui non repellat corrupti tempora',	'https://via.placeholder.com/500x250.png/00dd77?text=aut',	'2023-04-11 10:40:39',	'2023-04-11 10:40:39'),
('c2ed47de-1382-47cc-9997-24c5d5be0802',	'dolor',	'iusto laborum vero ipsam quas voluptas ut aliquam ut perspiciatis ut consectetur sint impedit facilis',	'https://via.placeholder.com/500x250.png/006655?text=quis',	'2023-04-11 10:40:34',	'2023-04-11 10:40:34'),
('c6f8a15a-d334-44f9-b8d1-74051968b17c',	'eos',	'autem est facilis velit suscipit quo aut ut similique voluptas laboriosam perferendis rerum totam quis',	'https://via.placeholder.com/500x250.png/0066dd?text=eius',	'2023-04-11 10:40:22',	'2023-04-11 10:40:22'),
('c7a3b5ab-5a00-4953-95ec-6514a2d81d6d',	'quia',	'eos natus molestias maiores culpa quis veniam quisquam ut quae non aspernatur et incidunt culpa',	'https://via.placeholder.com/500x250.png/005511?text=aut',	'2023-04-11 10:40:51',	'2023-04-11 10:40:51'),
('cbc15cfe-77dd-4633-9644-c285d17b0589',	'mollitia',	'suscipit quasi quidem placeat est doloremque adipisci maxime culpa temporibus labore sit qui qui vitae',	'https://via.placeholder.com/500x250.png/00cc66?text=corporis',	'2023-04-11 10:40:37',	'2023-04-11 10:40:37'),
('d19d725c-358c-4843-8a77-2c3f7573737c',	'quam',	'consectetur maiores fugit eligendi animi nulla nobis rerum dolor cupiditate at ex repellat velit rerum',	'https://via.placeholder.com/500x250.png/00aa99?text=accusantium',	'2023-04-11 10:40:21',	'2023-04-11 10:40:21'),
('d6b95c20-2c31-486b-b81e-c8db2abfea06',	'laudantium',	'et error ipsa et nobis molestias et maiores necessitatibus voluptatem ullam libero deserunt a molestiae',	'https://via.placeholder.com/500x250.png/0088aa?text=inventore',	'2023-04-11 10:40:29',	'2023-04-11 10:40:29'),
('d7844f36-951b-4d4b-a634-1fd7fa2ab05b',	'laudantium',	'officiis et quo similique voluptatibus ducimus quaerat delectus et placeat velit deleniti vel minima vitae',	'https://via.placeholder.com/500x250.png/002266?text=veritatis',	'2023-04-11 10:40:48',	'2023-04-11 10:40:48'),
('e664b74c-bc57-4d0e-b7ac-1f6ef0e4fa3c',	'aliquid',	'ratione id accusantium necessitatibus consequatur et tempore enim voluptatibus autem in ratione quidem nesciunt ea',	'https://via.placeholder.com/500x250.png/0000ee?text=et',	'2023-04-11 10:40:15',	'2023-04-11 10:40:15'),
('f2c1b067-8c64-49ab-a765-ec50556fec97',	'accusamus',	'ducimus tenetur enim est id perferendis fuga et quam enim rerum fugiat ut quasi itaque',	'https://via.placeholder.com/500x250.png/00aabb?text=temporibus',	'2023-04-11 10:40:15',	'2023-04-11 10:40:15'),
('f3073252-e860-498f-b607-27e11347f159',	'autem',	'nulla esse culpa neque ut cumque nemo aliquid enim ipsum atque commodi voluptatem quo possimus',	'https://via.placeholder.com/500x250.png/00ff88?text=dolor',	'2023-04-11 10:40:30',	'2023-04-11 10:40:30'),
('f7ff6e50-dd16-4910-9032-983b34eb3d26',	'pariatur',	'vero qui eaque illo harum dignissimos provident quo est quia nulla beatae voluptatem provident qui',	'https://via.placeholder.com/500x250.png/00ff00?text=amet',	'2023-04-11 10:40:26',	'2023-04-11 10:40:26'),
('f82d030d-2630-434f-a94d-406e8ae37ebf',	'corrupti',	'harum consequatur labore qui sint suscipit ratione voluptatem amet nam aperiam saepe inventore voluptate temporibus',	'https://via.placeholder.com/500x250.png/006699?text=expedita',	'2023-04-11 10:40:13',	'2023-04-11 10:40:13');

DROP TABLE IF EXISTS `message`;
CREATE TABLE `message` (
  `id_message` varchar(36) NOT NULL,
  `id_user` varchar(36) NOT NULL,
  `id_conversation` varchar(36) NOT NULL,
  `content` varchar(5000) NOT NULL,
  `created_at` timestamp NOT NULL,
  `updated_at` timestamp NULL DEFAULT NULL,
  PRIMARY KEY (`id_message`),
  KEY `FK_Message_User_idx` (`id_user`),
  KEY `FK_Message_Conversation_idx` (`id_conversation`),
  CONSTRAINT `FK_Message_Conversation` FOREIGN KEY (`id_conversation`) REFERENCES `conversation` (`id_conversation`),
  CONSTRAINT `FK_Message_User` FOREIGN KEY (`id_user`) REFERENCES `user` (`id_user`)
) ENGINE=InnoDB DEFAULT CHARSET=utf8mb4 COLLATE=utf8mb4_unicode_ci;


DROP TABLE IF EXISTS `resource`;
CREATE TABLE `resource` (
  `id_resource` varchar(36) NOT NULL,
  `id_user` varchar(36) NOT NULL,
  `filename` varchar(250) DEFAULT NULL,
  `title` varchar(250) NOT NULL,
  `text` varchar(500) NOT NULL,
  `longitude` decimal(65,0) DEFAULT NULL,
  `latitude` decimal(65,0) DEFAULT NULL,
  `type` varchar(250) NOT NULL,
  `is_private` tinyint(1) NOT NULL DEFAULT 1,
  `created_at` timestamp NOT NULL,
  `updated_at` timestamp NULL DEFAULT NULL,
  `published_at` timestamp NULL DEFAULT NULL,
  PRIMARY KEY (`id_resource`),
  KEY `FK_Resource_User_idx` (`id_user`),
  CONSTRAINT `FK_Resource_User` FOREIGN KEY (`id_user`) REFERENCES `user` (`id_user`)
) ENGINE=InnoDB DEFAULT CHARSET=utf8mb4 COLLATE=utf8mb4_unicode_ci;

INSERT INTO `resource` (`id_resource`, `id_user`, `filename`, `title`, `text`, `longitude`, `latitude`, `type`, `is_private`, `created_at`, `updated_at`, `published_at`) VALUES
('007cdcb9-2705-4198-b462-c719155e10ad',	'c3d2b52f-e38f-454a-b56a-b73fba9e9f99',	'https://api.scudo.catif.me/uploads/videos/c9321071-6447-47e0-a4ff-c758b8d60008.mp4',	'Quaerat aspernatur laudantium est.',	'magni a corrupti doloribus harum expedita officiis repellendus accusantium et voluptas ut harum vitae aut sed ut enim tempora temporibus sequi aut dolorem iste voluptas',	45,	-10,	'video',	0,	'2023-04-11 10:40:47',	'2023-04-11 10:40:47',	NULL),
('00951d5d-cb88-43a6-949f-e4a8535aa92f',	'4c1fee80-eecb-47ef-9042-c7a5330371bb',	'https://api.scudo.catif.me/uploads/videos/8f835e73-1f62-4378-9530-b70a0711be46.mp4',	'Et quasi atque.',	'voluptates sunt nam dolores vel doloribus doloribus alias placeat voluptatum facere quidem earum blanditiis laborum necessitatibus dignissimos fugiat qui natus officia omnis consequatur et quia',	41,	-20,	'video',	0,	'2023-04-11 10:40:34',	'2023-04-11 10:40:34',	NULL),
('01187f34-275c-4556-b3b2-b17e6f761ae7',	'e099908d-5b0e-42d6-8e9b-2b299570a476',	'https://api.scudo.catif.me/uploads/videos/c9321071-6447-47e0-a4ff-c758b8d60008.mp4',	'Quisquam quia necessitatibus sit corrupti.',	'suscipit velit non vel quisquam expedita voluptatem magni iste et voluptatem corrupti aut sunt culpa corrupti tempora aspernatur consequatur eos sint aut aut provident aut',	42,	-86,	'video',	0,	'2023-04-11 10:40:25',	'2023-04-11 10:40:25',	NULL),
('044e88ce-c160-4a05-8759-129ef06c3248',	'c3d2b52f-e38f-454a-b56a-b73fba9e9f99',	'https://api.scudo.catif.me/uploads/videos/1af4cc4c-2759-433d-af70-ab06e87fb841.mp4',	'Harum sunt est.',	'magni qui officiis aut quaerat sapiente et ad nihil in ratione autem mollitia harum qui sunt dolor nostrum voluptatem deserunt repellendus eos quo excepturi eos',	58,	-82,	'video',	0,	'2023-04-11 10:40:49',	'2023-04-11 10:40:49',	NULL),
('047eb157-3ab3-4fa3-a8b8-edfbf1a88f7d',	'ab9d2bbd-b01a-4a9f-b8a7-1667646bac42',	'https://api.scudo.catif.me/uploads/videos/1af4cc4c-2759-433d-af70-ab06e87fb841.mp4',	'Voluptatem eveniet rerum accusantium.',	'accusantium quaerat inventore similique autem et sunt aut rerum quis voluptas rerum assumenda tenetur in quae rerum voluptas maxime qui itaque eaque ipsam neque quo',	-171,	-28,	'video',	0,	'2023-04-11 10:40:38',	'2023-04-11 10:40:38',	NULL),
('05a10caf-bcc4-417a-89d5-c34ac9d2faf4',	'3093f2f6-0598-437d-80ea-5541df959601',	'https://api.scudo.catif.me/uploads/videos/c9321071-6447-47e0-a4ff-c758b8d60008.mp4',	'Excepturi saepe sequi.',	'quam incidunt minima explicabo distinctio cupiditate quos est repudiandae dicta molestiae sunt perferendis quisquam odit ipsum amet aspernatur fugit qui vero consequuntur adipisci qui qui',	115,	-48,	'video',	0,	'2023-04-11 10:40:44',	'2023-04-11 10:40:44',	NULL),
('0907e287-815b-41c4-847e-ff4c0923a643',	'166a0ea0-f5c9-4e90-9c5a-6c36b1c2b10c',	'https://api.scudo.catif.me/uploads/videos/8f835e73-1f62-4378-9530-b70a0711be46.mp4',	'A sed a eos.',	'ratione rerum dicta iusto aliquam facilis voluptas laudantium et vero eum nobis soluta aspernatur aut tempora enim atque libero ex et officia voluptatem officia incidunt',	68,	-73,	'video',	0,	'2023-04-11 10:40:23',	'2023-04-11 10:40:23',	NULL),
('0bc74285-975c-4c15-94b4-5a63c0f82a9b',	'd9391056-02c5-4ea7-8084-1a94e69685f6',	'https://api.scudo.catif.me/uploads/videos/1af4cc4c-2759-433d-af70-ab06e87fb841.mp4',	'Voluptatum consequatur reprehenderit voluptas pariatur.',	'corporis dolor cumque pariatur libero iusto voluptate odio suscipit aperiam explicabo quo quia quas velit blanditiis impedit qui enim mollitia ut consectetur ipsa quaerat eum',	73,	86,	'video',	0,	'2023-04-11 10:40:50',	'2023-04-11 10:40:50',	NULL),
('0c47f513-22b9-4c90-90aa-8ab71e36c2d6',	'c7d3c1fa-d81d-4cb4-a2a4-400ead517b06',	'https://api.scudo.catif.me/uploads/videos/8f835e73-1f62-4378-9530-b70a0711be46.mp4',	'Laudantium rerum quia.',	'voluptatum aperiam molestiae rerum assumenda ex eligendi fugit amet sed vero animi dolor facilis consequatur tenetur occaecati et reiciendis in hic sunt illum nostrum tempore',	89,	-78,	'video',	0,	'2023-04-11 10:40:17',	'2023-04-11 10:40:17',	NULL),
('0f569b53-897d-407d-a1b0-b066887dc401',	'778abb31-ef75-498f-9adb-7346b7c33b09',	'https://api.scudo.catif.me/uploads/videos/c9321071-6447-47e0-a4ff-c758b8d60008.mp4',	'Et molestias nobis.',	'sit earum quis ipsa animi modi ducimus qui dicta accusamus vel voluptatem aut veniam animi sed alias aliquam numquam tenetur minus qui consequuntur corporis deleniti',	-49,	-7,	'video',	0,	'2023-04-11 10:40:12',	'2023-04-11 10:40:12',	NULL),
('0f975ab8-d6ae-4134-aa42-f71ad2bcf411',	'778abb31-ef75-498f-9adb-7346b7c33b09',	'https://api.scudo.catif.me/uploads/videos/c9321071-6447-47e0-a4ff-c758b8d60008.mp4',	'Omnis et non a.',	'dolores doloremque corporis ipsa doloremque nihil cumque nam magnam in recusandae omnis vitae vel quis eaque illo recusandae cumque et ea sapiente quo numquam accusamus',	-6,	-57,	'video',	0,	'2023-04-11 10:40:14',	'2023-04-11 10:40:14',	NULL),
('1398c7c5-7de3-4625-b74c-e6d5565110f0',	'ab9d2bbd-b01a-4a9f-b8a7-1667646bac42',	'https://api.scudo.catif.me/uploads/videos/c9321071-6447-47e0-a4ff-c758b8d60008.mp4',	'Laudantium eaque quae.',	'fuga quibusdam sit esse nemo repudiandae similique expedita in qui consequatur dolore iure natus consequatur eaque earum earum quis perspiciatis sint asperiores veniam totam totam',	13,	-57,	'video',	0,	'2023-04-11 10:40:36',	'2023-04-11 10:40:36',	NULL),
('1414a94a-b51c-4690-8a71-2b465f898386',	'c3d2b52f-e38f-454a-b56a-b73fba9e9f99',	'https://api.scudo.catif.me/uploads/videos/8f835e73-1f62-4378-9530-b70a0711be46.mp4',	'Ex sint ex.',	'saepe dolorum nihil dignissimos nisi autem magni ipsam deserunt repudiandae natus expedita possimus quam dolores perferendis eum natus repellat sunt deleniti sequi fugit aspernatur voluptate',	140,	59,	'video',	0,	'2023-04-11 10:40:46',	'2023-04-11 10:40:46',	NULL),
('1621220c-fd19-4b60-ba4a-8ee914b756aa',	'e099908d-5b0e-42d6-8e9b-2b299570a476',	'https://api.scudo.catif.me/uploads/videos/c9321071-6447-47e0-a4ff-c758b8d60008.mp4',	'Aspernatur minima in.',	'repellendus aliquam qui provident cupiditate magni atque eaque et numquam laboriosam sit ut commodi tenetur ab at neque et sunt vel nulla aut quia iusto',	46,	33,	'video',	0,	'2023-04-11 10:40:27',	'2023-04-11 10:40:27',	NULL),
('18d10fae-af60-4b93-82e5-33c16d6b0a09',	'e099908d-5b0e-42d6-8e9b-2b299570a476',	'https://api.scudo.catif.me/uploads/videos/1af4cc4c-2759-433d-af70-ab06e87fb841.mp4',	'Natus a voluptatem.',	'ad voluptate id doloremque odit ut nostrum sed totam architecto dolor deleniti enim iusto quo ut magni cupiditate ut quam ut numquam aut qui explicabo',	-176,	1,	'video',	0,	'2023-04-11 10:40:25',	'2023-04-11 10:40:25',	NULL),
('18e0bef0-9f3f-43ee-b216-7d5e4301575c',	'cf640723-d4f3-444c-910c-c5ba2aada28a',	'https://api.scudo.catif.me/uploads/videos/8f835e73-1f62-4378-9530-b70a0711be46.mp4',	'Velit consequuntur et autem.',	'ut voluptas voluptate soluta vitae odio repellat ad at consectetur eligendi consequatur enim et aspernatur commodi commodi distinctio distinctio animi aut at commodi et soluta',	-166,	-7,	'video',	0,	'2023-04-11 10:40:31',	'2023-04-11 10:40:31',	NULL),
('1ae33833-c6a8-4e6a-a629-3c48bd9014ef',	'166a0ea0-f5c9-4e90-9c5a-6c36b1c2b10c',	'https://api.scudo.catif.me/uploads/videos/8f835e73-1f62-4378-9530-b70a0711be46.mp4',	'Sit inventore quia magni delectus.',	'molestias et qui error at reiciendis ut non illum labore velit omnis laborum eos est sit quae qui dolorum hic itaque dolorem aperiam et exercitationem',	52,	-44,	'video',	0,	'2023-04-11 10:40:24',	'2023-04-11 10:40:24',	NULL),
('1cc40bc5-3cc5-4ee9-ad95-0e074380a8ae',	'3093f2f6-0598-437d-80ea-5541df959601',	'https://api.scudo.catif.me/uploads/videos/1af4cc4c-2759-433d-af70-ab06e87fb841.mp4',	'Facere omnis ut itaque.',	'eligendi sed beatae et inventore commodi est dolor dolorem magnam enim ipsum aut suscipit eaque repellendus et aut ad consequuntur sunt provident magnam aspernatur facere',	-125,	51,	'video',	0,	'2023-04-11 10:40:44',	'2023-04-11 10:40:44',	NULL),
('1d039b5d-0a56-4a29-8a94-a5b8b08b5032',	'cf640723-d4f3-444c-910c-c5ba2aada28a',	'https://api.scudo.catif.me/uploads/videos/c9321071-6447-47e0-a4ff-c758b8d60008.mp4',	'Facere aperiam et.',	'sunt nisi earum ut vero dolor autem nihil eum dolor ipsa accusamus ducimus deserunt non aspernatur consequuntur sit eaque iure incidunt earum mollitia consequatur quibusdam',	96,	-37,	'video',	0,	'2023-04-11 10:40:29',	'2023-04-11 10:40:29',	NULL),
('1d27f12d-af71-4e92-9c8f-56f4339e9c94',	'166a0ea0-f5c9-4e90-9c5a-6c36b1c2b10c',	'https://api.scudo.catif.me/uploads/videos/c9321071-6447-47e0-a4ff-c758b8d60008.mp4',	'Saepe cumque modi.',	'placeat quisquam mollitia harum architecto qui magni nam numquam cupiditate veniam quia ut eligendi et voluptates architecto atque nam ipsam ea excepturi vel eum expedita',	-160,	64,	'video',	0,	'2023-04-11 10:40:23',	'2023-04-11 10:40:23',	NULL),
('1d8599d1-8695-458f-802c-9303e0d12c9c',	'ab9d2bbd-b01a-4a9f-b8a7-1667646bac42',	'https://api.scudo.catif.me/uploads/videos/8f835e73-1f62-4378-9530-b70a0711be46.mp4',	'Quas eos.',	'quae et recusandae hic earum vitae laudantium eligendi ab praesentium illum omnis voluptas quisquam distinctio eligendi nisi qui vero cum amet culpa rem est repudiandae',	102,	-55,	'video',	0,	'2023-04-11 10:40:37',	'2023-04-11 10:40:37',	NULL),
('1d8ccc80-4a3b-4da5-82a6-7a4b4aa675be',	'778abb31-ef75-498f-9adb-7346b7c33b09',	'https://api.scudo.catif.me/uploads/videos/1af4cc4c-2759-433d-af70-ab06e87fb841.mp4',	'Quidem ratione vel.',	'fuga qui corrupti nesciunt quidem necessitatibus earum corrupti distinctio similique natus ut consequuntur ea quidem et hic vitae vel magnam quos quia architecto ut tempora',	87,	35,	'video',	0,	'2023-04-11 10:40:13',	'2023-04-11 10:40:13',	NULL),
('1d8d7004-92ae-47e4-a955-6df419f9e4c0',	'3093f2f6-0598-437d-80ea-5541df959601',	'https://api.scudo.catif.me/uploads/videos/8f835e73-1f62-4378-9530-b70a0711be46.mp4',	'Ea et esse.',	'nemo nam est id reprehenderit omnis rem voluptatem quo impedit harum sint neque velit odio qui inventore dignissimos quia saepe sit veritatis perferendis ratione in',	-94,	41,	'video',	0,	'2023-04-11 10:40:44',	'2023-04-11 10:40:44',	NULL),
('1da87bf1-f05a-40fa-a6b0-b05bc1814f06',	'c7d3c1fa-d81d-4cb4-a2a4-400ead517b06',	'https://api.scudo.catif.me/uploads/videos/1af4cc4c-2759-433d-af70-ab06e87fb841.mp4',	'Dolores corrupti vel.',	'sunt qui ab nihil ut molestias accusantium nihil molestias asperiores inventore incidunt nulla rerum non optio quod molestiae optio quo ea aut commodi voluptatum sed',	-57,	53,	'video',	0,	'2023-04-11 10:40:16',	'2023-04-11 10:40:16',	NULL),
('1e06d202-bf61-42ce-b281-afddd800161b',	'c3d2b52f-e38f-454a-b56a-b73fba9e9f99',	'https://api.scudo.catif.me/uploads/videos/8f835e73-1f62-4378-9530-b70a0711be46.mp4',	'Tenetur veritatis.',	'optio hic quia enim atque omnis tempore hic similique sed est placeat culpa voluptatibus libero at non atque qui explicabo temporibus eligendi inventore a tenetur',	-60,	74,	'video',	0,	'2023-04-11 10:40:47',	'2023-04-11 10:40:47',	NULL),
('1eaa3082-919e-46dd-98c7-609a1eda0464',	'd9391056-02c5-4ea7-8084-1a94e69685f6',	'https://api.scudo.catif.me/uploads/videos/c9321071-6447-47e0-a4ff-c758b8d60008.mp4',	'Sit et qui.',	'eligendi accusantium occaecati eos provident quis sit saepe quia culpa voluptatem voluptatem eos praesentium nulla quibusdam culpa iusto quia aliquid modi optio laborum omnis et',	-177,	-45,	'video',	0,	'2023-04-11 10:40:50',	'2023-04-11 10:40:50',	NULL),
('21a34bc6-d462-4f50-b9c0-bc8512c8128d',	'778abb31-ef75-498f-9adb-7346b7c33b09',	'https://api.scudo.catif.me/uploads/videos/8f835e73-1f62-4378-9530-b70a0711be46.mp4',	'Impedit vero omnis aperiam.',	'iusto neque eum qui et cupiditate beatae voluptas dolor harum ipsum et hic eaque saepe est eos consectetur quam sed eum suscipit enim doloremque voluptatum',	71,	19,	'video',	0,	'2023-04-11 10:40:14',	'2023-04-11 10:40:14',	NULL),
('232b4aa3-768a-43bf-99e4-6e4e2ac7bf96',	'166a0ea0-f5c9-4e90-9c5a-6c36b1c2b10c',	'https://api.scudo.catif.me/uploads/videos/c9321071-6447-47e0-a4ff-c758b8d60008.mp4',	'Tenetur adipisci eos.',	'aliquid amet aut accusamus ipsum et expedita voluptate nam culpa dolor repellendus animi nam et nostrum est tempora occaecati numquam neque modi aliquid id ut',	100,	59,	'video',	0,	'2023-04-11 10:40:23',	'2023-04-11 10:40:23',	NULL),
('2602f6df-49be-4d92-8cdf-46d4dddb7b64',	'e099908d-5b0e-42d6-8e9b-2b299570a476',	'https://api.scudo.catif.me/uploads/videos/1af4cc4c-2759-433d-af70-ab06e87fb841.mp4',	'At maiores ab quo.',	'aliquid non vel tenetur atque nostrum corrupti natus sed eum id totam reprehenderit cumque est vero et id soluta adipisci quasi molestiae natus totam et',	-100,	-47,	'video',	0,	'2023-04-11 10:40:27',	'2023-04-11 10:40:27',	NULL),
('2717160e-b039-4aa0-a49f-a55bba17cfb2',	'ab9d2bbd-b01a-4a9f-b8a7-1667646bac42',	'https://api.scudo.catif.me/uploads/videos/c9321071-6447-47e0-a4ff-c758b8d60008.mp4',	'Vitae velit aut.',	'ratione repudiandae ullam impedit illo ipsam error nulla odio quis reprehenderit neque consequatur placeat hic aliquid dolorem molestiae voluptates ipsam doloribus placeat mollitia sapiente pariatur',	-13,	50,	'video',	0,	'2023-04-11 10:40:37',	'2023-04-11 10:40:37',	NULL),
('282c3c29-52b3-44f7-9f19-865884fca2ff',	'c3d2b52f-e38f-454a-b56a-b73fba9e9f99',	'https://api.scudo.catif.me/uploads/videos/8f835e73-1f62-4378-9530-b70a0711be46.mp4',	'Blanditiis odit at.',	'qui excepturi est consequatur labore laudantium quia perferendis numquam et totam ratione quae vero recusandae magni praesentium omnis quia magni enim in temporibus omnis blanditiis',	-115,	-44,	'video',	0,	'2023-04-11 10:40:48',	'2023-04-11 10:40:48',	NULL),
('2846f278-a42a-41f4-80ab-08abec8a7795',	'ab465e62-d09f-4d5c-84ff-32c95b3d9cf8',	'https://api.scudo.catif.me/uploads/videos/1af4cc4c-2759-433d-af70-ab06e87fb841.mp4',	'Assumenda iusto et ut.',	'ut nemo tempora ut sint a dolor et aut molestias cupiditate suscipit asperiores excepturi sed doloremque aut in vel asperiores debitis iusto nisi occaecati est',	-132,	-46,	'video',	0,	'2023-04-11 10:40:41',	'2023-04-11 10:40:41',	NULL),
('2de87129-5d40-4474-8cfa-9e205a790b4f',	'e099908d-5b0e-42d6-8e9b-2b299570a476',	'https://api.scudo.catif.me/uploads/videos/1af4cc4c-2759-433d-af70-ab06e87fb841.mp4',	'Exercitationem occaecati quo voluptatem autem.',	'rerum dolores est dolorem aut aliquam aspernatur vitae doloribus sunt dolor aspernatur eius praesentium molestiae qui dolorem earum voluptatem dignissimos esse ab eveniet est velit',	-160,	-32,	'video',	0,	'2023-04-11 10:40:25',	'2023-04-11 10:40:25',	NULL),
('2fd4e869-7544-4174-a2fc-f09a4e90a5f7',	'c3d2b52f-e38f-454a-b56a-b73fba9e9f99',	'https://api.scudo.catif.me/uploads/videos/c9321071-6447-47e0-a4ff-c758b8d60008.mp4',	'Incidunt amet voluptatum accusantium.',	'blanditiis suscipit aliquid temporibus aut ut eveniet eos qui cupiditate ut voluptatum cum odio minus sint non vel voluptatibus et unde et non perspiciatis pariatur',	48,	28,	'video',	0,	'2023-04-11 10:40:48',	'2023-04-11 10:40:48',	NULL),
('3165f08b-9c94-413f-a91b-cd35649d53d6',	'e099908d-5b0e-42d6-8e9b-2b299570a476',	'https://api.scudo.catif.me/uploads/videos/8f835e73-1f62-4378-9530-b70a0711be46.mp4',	'Molestias velit nulla.',	'officiis in commodi dicta et non nostrum et culpa quos consectetur delectus nostrum et sint dignissimos inventore qui et ut et illum saepe consectetur voluptas',	16,	22,	'video',	0,	'2023-04-11 10:40:26',	'2023-04-11 10:40:26',	NULL),
('33ba816d-8b07-40c5-ba18-9dcc21532f15',	'd9391056-02c5-4ea7-8084-1a94e69685f6',	'https://api.scudo.catif.me/uploads/videos/8f835e73-1f62-4378-9530-b70a0711be46.mp4',	'Illum labore vel quis.',	'quia omnis reprehenderit eos non debitis voluptatem et incidunt quis et iure eum consequatur voluptas eos voluptatem corrupti enim repudiandae labore itaque corporis et quis',	79,	-85,	'video',	0,	'2023-04-11 10:40:50',	'2023-04-11 10:40:50',	NULL),
('351bc9bf-c894-4364-b4db-d9232855bb9a',	'4c1fee80-eecb-47ef-9042-c7a5330371bb',	'https://api.scudo.catif.me/uploads/videos/1af4cc4c-2759-433d-af70-ab06e87fb841.mp4',	'Quos quia facilis facilis.',	'beatae ab quia enim doloremque asperiores qui et quidem quis dolores sit labore non quo quas id quaerat voluptas ipsum consequatur et veritatis vel accusamus',	132,	-70,	'video',	0,	'2023-04-11 10:40:35',	'2023-04-11 10:40:35',	NULL),
('36d52e02-cc10-4055-a974-dfa159d4a19d',	'c7d3c1fa-d81d-4cb4-a2a4-400ead517b06',	'https://api.scudo.catif.me/uploads/videos/1af4cc4c-2759-433d-af70-ab06e87fb841.mp4',	'Maiores architecto id.',	'beatae dignissimos aliquam excepturi ab inventore molestiae eius error rerum non animi ex recusandae recusandae eaque fugit tempore sit nihil qui dolorem rerum ut sed',	-136,	-63,	'video',	0,	'2023-04-11 10:40:18',	'2023-04-11 10:40:18',	NULL),
('37fb0fe9-77f5-4a02-a20f-a139904a6e9c',	'cf640723-d4f3-444c-910c-c5ba2aada28a',	'https://api.scudo.catif.me/uploads/videos/8f835e73-1f62-4378-9530-b70a0711be46.mp4',	'Ut est qui aperiam.',	'et et non itaque et atque dolorem iure qui neque deserunt dolor nam facilis est mollitia odit aut natus quis provident possimus sed eligendi nobis',	148,	47,	'video',	0,	'2023-04-11 10:40:30',	'2023-04-11 10:40:30',	NULL),
('39704877-3c9f-4015-8cfc-f9d90afcb539',	'ab465e62-d09f-4d5c-84ff-32c95b3d9cf8',	'https://api.scudo.catif.me/uploads/videos/8f835e73-1f62-4378-9530-b70a0711be46.mp4',	'Atque repudiandae itaque consequuntur.',	'qui hic recusandae et nulla numquam vero officia distinctio aut modi voluptas quam voluptas quia eos non voluptatibus non quo est vel exercitationem est illo',	177,	-57,	'video',	0,	'2023-04-11 10:40:41',	'2023-04-11 10:40:41',	NULL),
('39bbdcad-836e-4a8b-92e7-745345cd4f9a',	'ab465e62-d09f-4d5c-84ff-32c95b3d9cf8',	'https://api.scudo.catif.me/uploads/videos/1af4cc4c-2759-433d-af70-ab06e87fb841.mp4',	'Delectus voluptas aliquam non.',	'quia ut dolor dolorum est doloremque eum aut autem alias ducimus odio accusantium omnis ut amet facilis et ipsam quo tenetur impedit officia esse atque',	-16,	61,	'video',	0,	'2023-04-11 10:40:41',	'2023-04-11 10:40:41',	NULL),
('3a29e81f-2704-4367-884f-0eee90c25b70',	'778abb31-ef75-498f-9adb-7346b7c33b09',	'https://api.scudo.catif.me/uploads/videos/c9321071-6447-47e0-a4ff-c758b8d60008.mp4',	'Corrupti ullam et sed.',	'assumenda mollitia dignissimos animi iste et reiciendis voluptates natus laboriosam sint a corrupti unde excepturi et saepe exercitationem alias a explicabo autem ab quam rerum',	30,	71,	'video',	0,	'2023-04-11 10:40:12',	'2023-04-11 10:40:12',	NULL),
('3a7063b6-3e5e-4831-bd36-69becff0fd01',	'4c1fee80-eecb-47ef-9042-c7a5330371bb',	'https://api.scudo.catif.me/uploads/videos/c9321071-6447-47e0-a4ff-c758b8d60008.mp4',	'Quis error perferendis ex.',	'doloremque quaerat corporis impedit reprehenderit quisquam sit tempora facilis distinctio voluptatem et soluta ea non ut nesciunt pariatur odit maiores rerum at quas beatae itaque',	-73,	-5,	'video',	0,	'2023-04-11 10:40:33',	'2023-04-11 10:40:33',	NULL),
('3b6c4ed1-7aa7-4294-9440-48c591143cc5',	'c7d3c1fa-d81d-4cb4-a2a4-400ead517b06',	'https://api.scudo.catif.me/uploads/videos/1af4cc4c-2759-433d-af70-ab06e87fb841.mp4',	'Voluptas eos.',	'suscipit qui distinctio culpa corporis reprehenderit expedita dolore repudiandae quae rerum ab dolores repellat non vitae unde quas perspiciatis non sed aut et voluptates non',	-114,	-39,	'video',	0,	'2023-04-11 10:40:16',	'2023-04-11 10:40:16',	NULL),
('3cfd6df8-7761-41f4-b7c0-cfe594cbda07',	'3093f2f6-0598-437d-80ea-5541df959601',	'https://api.scudo.catif.me/uploads/videos/8f835e73-1f62-4378-9530-b70a0711be46.mp4',	'Non ipsa deleniti quo.',	'in eligendi non soluta omnis quia cumque voluptates quaerat asperiores quae veritatis quia quae quia reiciendis enim cumque commodi harum et id omnis quidem ea',	-72,	-65,	'video',	0,	'2023-04-11 10:40:43',	'2023-04-11 10:40:43',	NULL),
('4071844b-0451-4321-8c92-b0897bfd7bfb',	'c3d2b52f-e38f-454a-b56a-b73fba9e9f99',	'https://api.scudo.catif.me/uploads/videos/c9321071-6447-47e0-a4ff-c758b8d60008.mp4',	'Sit earum voluptas.',	'quaerat ducimus repellendus qui est debitis sit quia ab quis illo sed quam temporibus non deserunt voluptatem dolor iste enim quibusdam quae sint modi molestiae',	133,	16,	'video',	0,	'2023-04-11 10:40:49',	'2023-04-11 10:40:49',	NULL),
('414de36b-229f-462d-bf57-ede80de5a31a',	'ab9d2bbd-b01a-4a9f-b8a7-1667646bac42',	'https://api.scudo.catif.me/uploads/videos/8f835e73-1f62-4378-9530-b70a0711be46.mp4',	'Veritatis ut sed.',	'quos nemo sed harum labore blanditiis et nobis inventore quo suscipit quod voluptatem repellat recusandae accusamus autem vitae iure reiciendis autem rerum qui maxime sunt',	30,	-40,	'video',	0,	'2023-04-11 10:40:36',	'2023-04-11 10:40:36',	NULL),
('4535c6df-ba6b-43cf-b9ee-f7c8eaf1aa24',	'e099908d-5b0e-42d6-8e9b-2b299570a476',	'https://api.scudo.catif.me/uploads/videos/8f835e73-1f62-4378-9530-b70a0711be46.mp4',	'Nihil nobis animi est.',	'doloremque sed consequatur aut dolores ut minus eos et vel dolorem consequatur est nulla velit repellat cupiditate laudantium beatae nam aut commodi voluptatem perferendis consequatur',	-105,	-14,	'video',	0,	'2023-04-11 10:40:27',	'2023-04-11 10:40:27',	NULL),
('46b7b510-475d-44d1-837f-7d50e150fc1c',	'cf640723-d4f3-444c-910c-c5ba2aada28a',	'https://api.scudo.catif.me/uploads/videos/1af4cc4c-2759-433d-af70-ab06e87fb841.mp4',	'Reprehenderit nihil architecto.',	'aut consequatur aliquam dolore odit corrupti reiciendis ratione aperiam sit recusandae accusantium a voluptas voluptatem similique nemo voluptatem qui libero ab aut distinctio eius reiciendis',	126,	-17,	'video',	0,	'2023-04-11 10:40:29',	'2023-04-11 10:40:29',	NULL),
('4a5f7bc9-acba-46d3-975b-ae655aa47a5e',	'166a0ea0-f5c9-4e90-9c5a-6c36b1c2b10c',	'https://api.scudo.catif.me/uploads/videos/c9321071-6447-47e0-a4ff-c758b8d60008.mp4',	'Inventore aut beatae.',	'aut rerum suscipit doloremque similique non et tempora repellendus explicabo in sit quam autem sit eaque aut animi repudiandae explicabo praesentium non esse voluptatum voluptatem',	8,	24,	'video',	0,	'2023-04-11 10:40:22',	'2023-04-11 10:40:22',	NULL),
('4cad2662-cafc-4755-8f32-d9a1f99b63e4',	'ab465e62-d09f-4d5c-84ff-32c95b3d9cf8',	'https://api.scudo.catif.me/uploads/videos/c9321071-6447-47e0-a4ff-c758b8d60008.mp4',	'Voluptas enim et enim.',	'alias neque officiis nostrum debitis maxime expedita eum labore aliquam ratione et autem quas consequatur voluptas facere minus quasi adipisci culpa cupiditate in dolore ipsam',	-114,	84,	'video',	0,	'2023-04-11 10:40:43',	'2023-04-11 10:40:43',	NULL),
('4d39c82e-b777-4904-a5f6-2d6c9ea73d1d',	'4c1fee80-eecb-47ef-9042-c7a5330371bb',	'https://api.scudo.catif.me/uploads/videos/1af4cc4c-2759-433d-af70-ab06e87fb841.mp4',	'Est et ipsam.',	'debitis magnam aut commodi in nostrum sunt eum eaque voluptatem qui adipisci temporibus quam ut sunt ratione quam dignissimos quae delectus doloribus reiciendis est magnam',	-57,	-71,	'video',	0,	'2023-04-11 10:40:35',	'2023-04-11 10:40:35',	NULL),
('4e9c0134-6a11-4bc5-b2e1-1a9a3e77fbf1',	'3093f2f6-0598-437d-80ea-5541df959601',	'https://api.scudo.catif.me/uploads/videos/1af4cc4c-2759-433d-af70-ab06e87fb841.mp4',	'Consequatur possimus est ratione corporis.',	'ad minus asperiores iste sed iusto qui voluptatum voluptas tempore nisi iste aspernatur fugit vel vel et alias eum soluta vitae iusto aliquam vel ducimus',	141,	-49,	'video',	0,	'2023-04-11 10:40:46',	'2023-04-11 10:40:46',	NULL),
('4f33e47e-54f3-4dd0-b6f8-b192d9728ead',	'778abb31-ef75-498f-9adb-7346b7c33b09',	'https://api.scudo.catif.me/uploads/videos/1af4cc4c-2759-433d-af70-ab06e87fb841.mp4',	'Minus et est et.',	'totam est id impedit quia omnis quia mollitia corporis eligendi sint quaerat consequuntur tempore eos saepe saepe ut eveniet vel libero unde veniam odio est',	-27,	18,	'video',	0,	'2023-04-11 10:40:11',	'2023-04-11 10:40:11',	NULL),
('4f88851a-f58b-4ce2-96fb-008f29c3579a',	'4c1fee80-eecb-47ef-9042-c7a5330371bb',	'https://api.scudo.catif.me/uploads/videos/1af4cc4c-2759-433d-af70-ab06e87fb841.mp4',	'Esse ea aperiam.',	'neque vel aut voluptas vitae facilis sunt odit tenetur explicabo sunt consectetur sint adipisci qui iure hic rerum laboriosam ducimus voluptatem quae explicabo delectus earum',	60,	-44,	'video',	0,	'2023-04-11 10:40:35',	'2023-04-11 10:40:35',	NULL),
('5041f26d-0635-48e9-9b2c-44c63eff763f',	'cf640723-d4f3-444c-910c-c5ba2aada28a',	'https://api.scudo.catif.me/uploads/videos/1af4cc4c-2759-433d-af70-ab06e87fb841.mp4',	'Eaque aut placeat accusantium et.',	'vel animi distinctio nam occaecati ratione aut cupiditate beatae accusamus porro labore in aliquid aperiam vitae quo asperiores voluptas eum perspiciatis ut fugit eum tenetur',	115,	31,	'video',	0,	'2023-04-11 10:40:29',	'2023-04-11 10:40:29',	NULL),
('50c02cb7-a575-4909-99fb-9e0fe84911cf',	'ab465e62-d09f-4d5c-84ff-32c95b3d9cf8',	'https://api.scudo.catif.me/uploads/videos/1af4cc4c-2759-433d-af70-ab06e87fb841.mp4',	'Odit sed.',	'adipisci sed itaque minima aspernatur quae et est nam praesentium placeat omnis velit nisi mollitia illum ipsa in accusamus provident voluptatem et repellat sint est',	98,	-27,	'video',	0,	'2023-04-11 10:40:40',	'2023-04-11 10:40:40',	NULL),
('526f1f7c-acdb-48a4-8832-dbfd9543d282',	'c7d3c1fa-d81d-4cb4-a2a4-400ead517b06',	'https://api.scudo.catif.me/uploads/videos/1af4cc4c-2759-433d-af70-ab06e87fb841.mp4',	'Occaecati et quia voluptatem.',	'cupiditate et eum corporis autem dolores magni totam pariatur voluptatibus voluptas accusantium molestias facilis blanditiis voluptatibus nihil et tempore sunt totam consequuntur sit vero et',	-102,	71,	'video',	0,	'2023-04-11 10:40:17',	'2023-04-11 10:40:17',	NULL),
('54b1a2f1-0c1e-4ab6-a5f8-f9e0f76848aa',	'778abb31-ef75-498f-9adb-7346b7c33b09',	'https://api.scudo.catif.me/uploads/videos/c9321071-6447-47e0-a4ff-c758b8d60008.mp4',	'Vero tenetur temporibus provident.',	'ratione dolor suscipit dolore cupiditate natus iste eos laudantium earum fugit laboriosam itaque aut rem consequatur adipisci quibusdam delectus quod fuga magnam non dolores culpa',	-71,	-14,	'video',	0,	'2023-04-11 10:40:13',	'2023-04-11 10:40:13',	NULL),
('54e17fde-b935-4cd3-abc3-b803a985e5d6',	'c7d3c1fa-d81d-4cb4-a2a4-400ead517b06',	'https://api.scudo.catif.me/uploads/videos/c9321071-6447-47e0-a4ff-c758b8d60008.mp4',	'Omnis sed veritatis eligendi.',	'architecto magnam autem dolor sunt optio magnam qui possimus maxime magnam sunt dolore cum aliquam ullam numquam quisquam quidem officiis illum dolore possimus quae assumenda',	-84,	-79,	'video',	0,	'2023-04-11 10:40:18',	'2023-04-11 10:40:18',	NULL),
('553db3c5-7cd6-478c-a83e-e824ef098d1f',	'4c1fee80-eecb-47ef-9042-c7a5330371bb',	'https://api.scudo.catif.me/uploads/videos/c9321071-6447-47e0-a4ff-c758b8d60008.mp4',	'Itaque aut ipsa repudiandae.',	'saepe aut fugiat facere ut quis debitis numquam excepturi incidunt id omnis aut recusandae eos voluptatem ipsum quos fugiat voluptatem molestiae molestiae laboriosam molestias quis',	-41,	-81,	'video',	0,	'2023-04-11 10:40:33',	'2023-04-11 10:40:33',	NULL),
('5561453e-c2bd-4f29-8ed5-83200db9b414',	'166a0ea0-f5c9-4e90-9c5a-6c36b1c2b10c',	'https://api.scudo.catif.me/uploads/videos/1af4cc4c-2759-433d-af70-ab06e87fb841.mp4',	'Quis porro ut esse.',	'nostrum architecto voluptas incidunt error corporis consequuntur pariatur aut harum aut quam laboriosam eum temporibus voluptates ab ut cupiditate quibusdam suscipit autem eligendi deleniti nostrum',	-178,	61,	'video',	0,	'2023-04-11 10:40:24',	'2023-04-11 10:40:24',	NULL),
('572accc9-94e8-4e7e-85ae-e96f5ca70b81',	'778abb31-ef75-498f-9adb-7346b7c33b09',	'https://api.scudo.catif.me/uploads/videos/8f835e73-1f62-4378-9530-b70a0711be46.mp4',	'Est id voluptate atque.',	'distinctio earum ab quod dignissimos sit est aut voluptates tempora vel necessitatibus fugiat et eum et tempore assumenda ea dignissimos pariatur et accusantium rem ab',	-125,	-7,	'video',	0,	'2023-04-11 10:40:13',	'2023-04-11 10:40:13',	NULL),
('584d7d71-a573-441b-9cc7-f031526da221',	'3093f2f6-0598-437d-80ea-5541df959601',	'https://api.scudo.catif.me/uploads/videos/c9321071-6447-47e0-a4ff-c758b8d60008.mp4',	'Officia aperiam.',	'maiores voluptate ullam culpa quis dignissimos aut maxime impedit ut quidem quae consequuntur et id reiciendis doloremque aut provident placeat rem quis praesentium iste placeat',	107,	-62,	'video',	0,	'2023-04-11 10:40:43',	'2023-04-11 10:40:43',	NULL),
('591e9f5c-924e-47de-80c2-1e8c0aa9d902',	'778abb31-ef75-498f-9adb-7346b7c33b09',	'https://api.scudo.catif.me/uploads/videos/c9321071-6447-47e0-a4ff-c758b8d60008.mp4',	'Itaque repellendus et animi.',	'quos rerum et dignissimos unde quia culpa architecto fugit sit laborum nam voluptatem et beatae eaque dicta amet eius asperiores veniam assumenda dolor rerum laborum',	-2,	68,	'video',	0,	'2023-04-11 10:40:11',	'2023-04-11 10:40:11',	NULL),
('5a486433-36a0-4b6b-8e9b-d6edbfd8682b',	'ab9d2bbd-b01a-4a9f-b8a7-1667646bac42',	'https://api.scudo.catif.me/uploads/videos/c9321071-6447-47e0-a4ff-c758b8d60008.mp4',	'Nemo beatae ut dolorum.',	'qui adipisci explicabo vel et non dolorum sit dolores nihil corrupti sed aperiam voluptate ut et nisi omnis fugiat ut eius voluptas quaerat eaque architecto',	-33,	30,	'video',	0,	'2023-04-11 10:40:36',	'2023-04-11 10:40:36',	NULL),
('5ad19dfb-891f-426f-ad7e-5c94f098f598',	'd9391056-02c5-4ea7-8084-1a94e69685f6',	'https://api.scudo.catif.me/uploads/videos/8f835e73-1f62-4378-9530-b70a0711be46.mp4',	'Quos voluptatum sit laborum nobis.',	'velit debitis rem a eveniet accusamus ad a reiciendis non non aliquid nulla ex beatae autem maxime omnis necessitatibus ut qui rerum exercitationem quo rerum',	-53,	-76,	'video',	0,	'2023-04-11 10:40:52',	'2023-04-11 10:40:52',	NULL),
('5ba57d87-7560-4573-96b2-597c7ce591d6',	'3093f2f6-0598-437d-80ea-5541df959601',	'https://api.scudo.catif.me/uploads/videos/c9321071-6447-47e0-a4ff-c758b8d60008.mp4',	'Vitae fugit velit.',	'sit veniam fuga est adipisci nam voluptate aut dolores perferendis autem dolor sed est quas ad ut omnis est nulla nulla ipsam omnis sed nihil',	53,	63,	'video',	0,	'2023-04-11 10:40:45',	'2023-04-11 10:40:45',	NULL),
('5d855a7e-c0b4-4eaa-90fa-4d1314ea11d3',	'4c1fee80-eecb-47ef-9042-c7a5330371bb',	'https://api.scudo.catif.me/uploads/videos/8f835e73-1f62-4378-9530-b70a0711be46.mp4',	'Nostrum cumque.',	'consequuntur facere culpa sed eum et ea qui quo aperiam quibusdam veritatis quibusdam rerum amet at dolor quis saepe officia laboriosam quaerat iure dolore tempora',	-125,	-64,	'video',	0,	'2023-04-11 10:40:33',	'2023-04-11 10:40:33',	NULL),
('5e4a9085-acd5-4e63-8ab7-8f5a25d00d8e',	'166a0ea0-f5c9-4e90-9c5a-6c36b1c2b10c',	'https://api.scudo.catif.me/uploads/videos/c9321071-6447-47e0-a4ff-c758b8d60008.mp4',	'Rerum nemo labore.',	'et iure voluptate aut blanditiis quisquam molestiae amet iusto corrupti iure quis sunt eveniet itaque tempora odio ex possimus consequatur consequatur perspiciatis quis nostrum et',	-28,	21,	'video',	0,	'2023-04-11 10:40:22',	'2023-04-11 10:40:22',	NULL),
('5eedc0c2-9ed1-4232-a0a9-8ccf99dcd350',	'ab9d2bbd-b01a-4a9f-b8a7-1667646bac42',	'https://api.scudo.catif.me/uploads/videos/1af4cc4c-2759-433d-af70-ab06e87fb841.mp4',	'Eos ea et assumenda.',	'nam et vero ut qui non vel ipsa ut veniam corrupti dolores quasi et quo aliquid ipsum modi omnis exercitationem veniam suscipit laudantium ipsa culpa',	-147,	85,	'video',	0,	'2023-04-11 10:40:38',	'2023-04-11 10:40:38',	NULL),
('601c419f-3e29-4af9-a6f5-814ee39f0d38',	'ab465e62-d09f-4d5c-84ff-32c95b3d9cf8',	'https://api.scudo.catif.me/uploads/videos/c9321071-6447-47e0-a4ff-c758b8d60008.mp4',	'Deleniti pariatur quisquam quas.',	'qui iure est quaerat voluptas aperiam voluptatum molestias voluptates magni asperiores quia libero fuga facere nesciunt quaerat porro quam cupiditate est qui maxime perferendis aut',	-28,	4,	'video',	0,	'2023-04-11 10:40:42',	'2023-04-11 10:40:42',	NULL),
('621317d3-8c94-439e-986f-b31e915e005c',	'd9391056-02c5-4ea7-8084-1a94e69685f6',	'https://api.scudo.catif.me/uploads/videos/1af4cc4c-2759-433d-af70-ab06e87fb841.mp4',	'Eligendi aliquid rerum dolore.',	'asperiores reprehenderit adipisci doloribus error quidem qui illo sed voluptas exercitationem sed fugit explicabo facere quasi dolor voluptatem ut at delectus aut ad rerum necessitatibus',	-26,	49,	'video',	0,	'2023-04-11 10:40:51',	'2023-04-11 10:40:51',	NULL),
('63c94b3e-1ebc-471f-9b52-88cedc4d6a1e',	'ab465e62-d09f-4d5c-84ff-32c95b3d9cf8',	'https://api.scudo.catif.me/uploads/videos/8f835e73-1f62-4378-9530-b70a0711be46.mp4',	'Dolorem provident aspernatur.',	'mollitia enim quidem iusto et ut quia totam iste nihil magnam quo ut similique quam nobis perferendis ipsum provident doloremque non quibusdam in et rerum',	75,	10,	'video',	0,	'2023-04-11 10:40:41',	'2023-04-11 10:40:41',	NULL),
('648308d2-6746-4159-87de-69e7dcbe17d8',	'ab465e62-d09f-4d5c-84ff-32c95b3d9cf8',	'https://api.scudo.catif.me/uploads/videos/c9321071-6447-47e0-a4ff-c758b8d60008.mp4',	'Maxime repellendus perspiciatis.',	'ipsa enim nisi qui in accusantium possimus excepturi cumque aut debitis et temporibus inventore quam omnis inventore quo soluta sint atque ducimus vel aliquam deserunt',	80,	-50,	'video',	0,	'2023-04-11 10:40:40',	'2023-04-11 10:40:40',	NULL),
('65b93b8a-a488-4103-afad-2eb11430832b',	'e099908d-5b0e-42d6-8e9b-2b299570a476',	'https://api.scudo.catif.me/uploads/videos/1af4cc4c-2759-433d-af70-ab06e87fb841.mp4',	'Placeat corporis veritatis minus.',	'dolorem ipsam sunt et eaque animi quia rerum laudantium voluptatibus velit sunt velit minus et in dicta esse dolor eius vero distinctio qui officia aut',	8,	-42,	'video',	0,	'2023-04-11 10:40:27',	'2023-04-11 10:40:27',	NULL),
('6a0bf258-b064-46f1-9162-013a1c2eb03a',	'e099908d-5b0e-42d6-8e9b-2b299570a476',	'https://api.scudo.catif.me/uploads/videos/8f835e73-1f62-4378-9530-b70a0711be46.mp4',	'Autem magni qui ullam.',	'voluptatum consequatur odit omnis autem consectetur dolor qui tempore dolorum repudiandae optio quaerat dicta praesentium sed itaque voluptatem in molestiae odit cupiditate et quo sed',	81,	88,	'video',	0,	'2023-04-11 10:40:26',	'2023-04-11 10:40:26',	NULL),
('6bc147cb-c5e9-4e44-a64c-1d55d5c37683',	'd9391056-02c5-4ea7-8084-1a94e69685f6',	'https://api.scudo.catif.me/uploads/videos/c9321071-6447-47e0-a4ff-c758b8d60008.mp4',	'Cupiditate omnis cupiditate.',	'nihil occaecati autem voluptas perferendis ut reiciendis quo voluptas maxime tempore fugit excepturi et qui doloribus aperiam expedita quos commodi modi quibusdam cumque impedit mollitia',	116,	22,	'video',	0,	'2023-04-11 10:40:52',	'2023-04-11 10:40:52',	NULL),
('6decd15a-d102-4803-aeeb-d60a1a4d4b3f',	'c3d2b52f-e38f-454a-b56a-b73fba9e9f99',	'https://api.scudo.catif.me/uploads/videos/8f835e73-1f62-4378-9530-b70a0711be46.mp4',	'Veniam aut quibusdam.',	'enim est sit nostrum eum error odio minima nam laboriosam deserunt quia occaecati quis quas sequi nisi et facilis repellat quos quod iusto sit asperiores',	-149,	-25,	'video',	0,	'2023-04-11 10:40:48',	'2023-04-11 10:40:48',	NULL),
('6e23bc17-92df-46aa-b56f-807e9e2816b3',	'cf640723-d4f3-444c-910c-c5ba2aada28a',	'https://api.scudo.catif.me/uploads/videos/8f835e73-1f62-4378-9530-b70a0711be46.mp4',	'Modi iusto et libero.',	'qui est quasi explicabo natus aliquid sapiente architecto distinctio et deserunt asperiores voluptatem nihil accusamus id ut maiores nisi eius excepturi et aut aut ut',	70,	-78,	'video',	0,	'2023-04-11 10:40:29',	'2023-04-11 10:40:29',	NULL),
('6e8aa413-6ce7-4b75-aca0-c345c6dcd1ed',	'ab465e62-d09f-4d5c-84ff-32c95b3d9cf8',	'https://api.scudo.catif.me/uploads/videos/8f835e73-1f62-4378-9530-b70a0711be46.mp4',	'Dolorum eos quaerat non.',	'vel cumque veritatis animi velit explicabo rem eos laborum illo excepturi sit qui omnis porro vero atque esse sapiente et quod deleniti aut vitae sit',	-35,	56,	'video',	0,	'2023-04-11 10:40:40',	'2023-04-11 10:40:40',	NULL),
('7172f6d2-c643-4ca7-9f36-eb4d5032f6b1',	'c3d2b52f-e38f-454a-b56a-b73fba9e9f99',	'https://api.scudo.catif.me/uploads/videos/c9321071-6447-47e0-a4ff-c758b8d60008.mp4',	'Quibusdam voluptatibus hic ratione.',	'distinctio odio molestias nulla eveniet voluptatem corporis quibusdam consequatur molestiae dolorem omnis sit repudiandae aspernatur voluptatem perspiciatis doloribus quis commodi et ex aut est doloremque',	-174,	14,	'video',	0,	'2023-04-11 10:40:47',	'2023-04-11 10:40:47',	NULL),
('72f881dd-f442-4183-b540-9f049b6b468d',	'4c1fee80-eecb-47ef-9042-c7a5330371bb',	'https://api.scudo.catif.me/uploads/videos/c9321071-6447-47e0-a4ff-c758b8d60008.mp4',	'Aut quibusdam eveniet id.',	'rerum voluptas recusandae error soluta voluptatum facilis qui corporis aperiam fuga pariatur atque qui tempore officia corrupti maiores et ut voluptatum ut excepturi ut praesentium',	-53,	-75,	'video',	0,	'2023-04-11 10:40:33',	'2023-04-11 10:40:33',	NULL),
('75b67cb8-035e-4067-b84b-d0fd19f6025b',	'ab9d2bbd-b01a-4a9f-b8a7-1667646bac42',	'https://api.scudo.catif.me/uploads/videos/1af4cc4c-2759-433d-af70-ab06e87fb841.mp4',	'Culpa unde pariatur.',	'blanditiis quibusdam eveniet perspiciatis similique doloremque nam itaque id laboriosam saepe consequatur aut ut quidem cupiditate placeat dolor fugiat minima voluptatem molestiae illum est nihil',	-58,	-40,	'video',	0,	'2023-04-11 10:40:38',	'2023-04-11 10:40:38',	NULL),
('77f81e0f-d6e3-4be2-a666-88b6170fa431',	'778abb31-ef75-498f-9adb-7346b7c33b09',	'https://api.scudo.catif.me/uploads/videos/1af4cc4c-2759-433d-af70-ab06e87fb841.mp4',	'Consequatur sit fugiat adipisci.',	'quae rem voluptatum neque sapiente perspiciatis temporibus qui consectetur deserunt sed magnam et voluptatem et pariatur labore excepturi dolorem recusandae harum consectetur et sit enim',	179,	-77,	'video',	0,	'2023-04-11 10:40:12',	'2023-04-11 10:40:12',	NULL),
('79317917-d84f-456d-875a-43b711fdbe2d',	'c7d3c1fa-d81d-4cb4-a2a4-400ead517b06',	'https://api.scudo.catif.me/uploads/videos/8f835e73-1f62-4378-9530-b70a0711be46.mp4',	'Eaque quae dolore.',	'nesciunt harum nesciunt sequi maxime ut et temporibus eum earum aut ut culpa saepe est quia quibusdam at ea voluptates eveniet exercitationem quidem officiis eaque',	29,	73,	'video',	0,	'2023-04-11 10:40:16',	'2023-04-11 10:40:16',	NULL),
('7a93128a-ae52-4781-bd1c-9203fc8c26fb',	'd9391056-02c5-4ea7-8084-1a94e69685f6',	'https://api.scudo.catif.me/uploads/videos/1af4cc4c-2759-433d-af70-ab06e87fb841.mp4',	'Mollitia debitis aut velit.',	'maxime incidunt ullam est ut vel repellendus corporis consequatur nam rerum dolorum dignissimos quae enim aut voluptatem expedita est aliquam fugiat magnam non assumenda et',	-40,	-6,	'video',	0,	'2023-04-11 10:40:51',	'2023-04-11 10:40:51',	NULL),
('7c61fa4f-1281-4409-b695-874ad4bd1933',	'778abb31-ef75-498f-9adb-7346b7c33b09',	'https://api.scudo.catif.me/uploads/videos/c9321071-6447-47e0-a4ff-c758b8d60008.mp4',	'Dolor voluptatibus.',	'similique odio qui aliquid quos rem rerum repudiandae esse voluptas labore accusantium in velit sapiente facilis nihil adipisci deleniti odit minima placeat quod voluptatem consequuntur',	-61,	68,	'video',	0,	'2023-04-11 10:40:13',	'2023-04-11 10:40:13',	NULL),
('7d9f4cef-e5e6-49e1-870f-6da934ff995d',	'4c1fee80-eecb-47ef-9042-c7a5330371bb',	'https://api.scudo.catif.me/uploads/videos/1af4cc4c-2759-433d-af70-ab06e87fb841.mp4',	'Ut voluptatem est.',	'non voluptas ex voluptatem delectus repellat minus saepe non minus voluptas veritatis at sit et eum praesentium iusto consequatur quis sed veniam et autem reiciendis',	-129,	-82,	'video',	0,	'2023-04-11 10:40:34',	'2023-04-11 10:40:34',	NULL),
('7dfd5d7d-3346-4fdf-850e-a66ca8260f5b',	'3093f2f6-0598-437d-80ea-5541df959601',	'https://api.scudo.catif.me/uploads/videos/c9321071-6447-47e0-a4ff-c758b8d60008.mp4',	'Corporis consequatur quaerat.',	'commodi eius magni sapiente cum deserunt in iste tempora maiores quidem ipsam natus dicta deserunt eos maxime velit id ut praesentium ad sit fugit temporibus',	-155,	22,	'video',	0,	'2023-04-11 10:40:45',	'2023-04-11 10:40:45',	NULL),
('80969e50-8c76-417d-8296-dee70ea8fe79',	'3093f2f6-0598-437d-80ea-5541df959601',	'https://api.scudo.catif.me/uploads/videos/8f835e73-1f62-4378-9530-b70a0711be46.mp4',	'Modi eos.',	'qui vero sit consequuntur quos asperiores enim velit eos rerum vel facere illum dolore rem odit nisi ex distinctio ad ipsum et neque sed optio',	-45,	19,	'video',	0,	'2023-04-11 10:40:43',	'2023-04-11 10:40:43',	NULL),
('8135dc2c-dfd9-4a1f-b6b0-339bd8f66e8b',	'c3d2b52f-e38f-454a-b56a-b73fba9e9f99',	'https://api.scudo.catif.me/uploads/videos/8f835e73-1f62-4378-9530-b70a0711be46.mp4',	'Qui esse.',	'magni fugiat et tenetur tempore ipsam sit in veniam fugit rem ullam et illo in ipsam illo quaerat architecto aliquid tempore quaerat consequuntur tempore non',	-103,	-56,	'video',	0,	'2023-04-11 10:40:47',	'2023-04-11 10:40:47',	NULL),
('85904280-20e8-42c8-8991-a3ea2f4620ed',	'c3d2b52f-e38f-454a-b56a-b73fba9e9f99',	'https://api.scudo.catif.me/uploads/videos/1af4cc4c-2759-433d-af70-ab06e87fb841.mp4',	'Quis nisi autem.',	'sit ea maxime dignissimos tenetur esse rerum est maxime rerum aut nihil aut quaerat ipsam ipsa voluptas voluptatem in voluptatem commodi aut et maxime voluptas',	-169,	14,	'video',	0,	'2023-04-11 10:40:49',	'2023-04-11 10:40:49',	NULL),
('88de20c6-fb85-41f6-b58f-506203016f75',	'166a0ea0-f5c9-4e90-9c5a-6c36b1c2b10c',	'https://api.scudo.catif.me/uploads/videos/1af4cc4c-2759-433d-af70-ab06e87fb841.mp4',	'Eius voluptates nihil.',	'fuga veniam quasi atque enim voluptatem voluptatem nulla sint perferendis blanditiis et explicabo minima aut nisi reprehenderit reiciendis optio enim cupiditate inventore ut quisquam sunt',	24,	81,	'video',	0,	'2023-04-11 10:40:22',	'2023-04-11 10:40:22',	NULL),
('88edf19a-5046-4366-be6b-28c644a4aeab',	'ab9d2bbd-b01a-4a9f-b8a7-1667646bac42',	'https://api.scudo.catif.me/uploads/videos/c9321071-6447-47e0-a4ff-c758b8d60008.mp4',	'Distinctio ullam magni recusandae.',	'qui rem eos libero error ullam dolor nihil perferendis voluptatibus non hic sit qui corrupti temporibus voluptatem quisquam voluptatem aut eum reprehenderit itaque aliquid iste',	-82,	9,	'video',	0,	'2023-04-11 10:40:38',	'2023-04-11 10:40:38',	NULL),
('8ca8f2b3-6af3-409f-9de1-1b3384a97733',	'e099908d-5b0e-42d6-8e9b-2b299570a476',	'https://api.scudo.catif.me/uploads/videos/c9321071-6447-47e0-a4ff-c758b8d60008.mp4',	'Rerum dolores at ex.',	'deserunt libero reprehenderit omnis dolores sit ipsum rerum possimus perferendis quia laboriosam eos eveniet suscipit sit cupiditate nesciunt porro cumque sint impedit rerum pariatur exercitationem',	-57,	66,	'video',	0,	'2023-04-11 10:40:26',	'2023-04-11 10:40:26',	NULL),
('8e540dc8-b4bd-4c39-8ffb-4d1ff064a65e',	'166a0ea0-f5c9-4e90-9c5a-6c36b1c2b10c',	'https://api.scudo.catif.me/uploads/videos/c9321071-6447-47e0-a4ff-c758b8d60008.mp4',	'Voluptatem at et consectetur.',	'nisi saepe id asperiores fuga iure non hic asperiores cupiditate minima quia ducimus sit modi deserunt dolores numquam qui voluptatem voluptate minus est possimus deleniti',	-12,	-31,	'video',	0,	'2023-04-11 10:40:24',	'2023-04-11 10:40:24',	NULL),
('8f093457-e2e1-4cf0-83e1-93ec59d7585d',	'd9391056-02c5-4ea7-8084-1a94e69685f6',	'https://api.scudo.catif.me/uploads/videos/8f835e73-1f62-4378-9530-b70a0711be46.mp4',	'Sequi quia quo.',	'aut ipsum in rem nisi rem ut dolores beatae inventore nulla dolorum aut eos ea quisquam maiores ut quia perferendis nemo ut autem ullam dolorem',	70,	33,	'video',	0,	'2023-04-11 10:40:52',	'2023-04-11 10:40:52',	NULL),
('8f3eb31b-4f0d-44f0-b133-958350c71dea',	'cf640723-d4f3-444c-910c-c5ba2aada28a',	'https://api.scudo.catif.me/uploads/videos/8f835e73-1f62-4378-9530-b70a0711be46.mp4',	'Rerum consequatur atque.',	'ea vel aut explicabo itaque tempora assumenda aut sed est quasi ex nulla sit totam ut in quam esse deleniti explicabo qui ad libero repudiandae',	124,	38,	'video',	0,	'2023-04-11 10:40:31',	'2023-04-11 10:40:31',	NULL),
('925ae455-d0b0-47af-9d15-134141d9b080',	'ab9d2bbd-b01a-4a9f-b8a7-1667646bac42',	'https://api.scudo.catif.me/uploads/videos/8f835e73-1f62-4378-9530-b70a0711be46.mp4',	'Mollitia sunt consequatur fugit.',	'eum sit corporis ut eos qui qui ullam perferendis repudiandae ullam rerum omnis molestiae ipsum aut impedit quidem nihil laboriosam iure sequi velit aperiam quia',	-15,	58,	'video',	0,	'2023-04-11 10:40:37',	'2023-04-11 10:40:37',	NULL),
('92d1618a-4bd9-4e4e-9d56-348f9b07dd2b',	'778abb31-ef75-498f-9adb-7346b7c33b09',	'https://api.scudo.catif.me/uploads/videos/c9321071-6447-47e0-a4ff-c758b8d60008.mp4',	'In illo et.',	'et atque quae expedita magni qui voluptas nobis sed amet corporis aut provident aut aut aut tenetur totam explicabo maxime sint ut perspiciatis autem at',	-171,	81,	'video',	0,	'2023-04-11 10:40:12',	'2023-04-11 10:40:12',	NULL),
('9381859a-8316-410d-8d3c-74a0dcba38f8',	'd9391056-02c5-4ea7-8084-1a94e69685f6',	'https://api.scudo.catif.me/uploads/videos/8f835e73-1f62-4378-9530-b70a0711be46.mp4',	'Nostrum aut est ducimus.',	'incidunt repellat asperiores exercitationem quidem ducimus voluptas corrupti illo et qui perspiciatis velit nulla voluptas rerum accusamus vel pariatur deserunt omnis nostrum alias dolores rerum',	-45,	19,	'video',	0,	'2023-04-11 10:40:51',	'2023-04-11 10:40:51',	NULL),
('969555cb-f334-4adc-8d96-912c33a0a1ec',	'166a0ea0-f5c9-4e90-9c5a-6c36b1c2b10c',	'https://api.scudo.catif.me/uploads/videos/8f835e73-1f62-4378-9530-b70a0711be46.mp4',	'Quasi nostrum laudantium laborum.',	'nihil perferendis et sunt quia sunt alias ut aut sed nostrum error voluptatum qui nam tempore alias dolorem recusandae asperiores sed autem dolorem consequatur nihil',	149,	-60,	'video',	0,	'2023-04-11 10:40:22',	'2023-04-11 10:40:22',	NULL),
('98dd1f9b-0487-4fc6-9ce4-0f86bc4ef6e2',	'c7d3c1fa-d81d-4cb4-a2a4-400ead517b06',	'https://api.scudo.catif.me/uploads/videos/1af4cc4c-2759-433d-af70-ab06e87fb841.mp4',	'Repellat aut quidem ducimus.',	'eum quia aspernatur consequatur enim inventore ad voluptatem dolor est fugit et odio sapiente quibusdam quam repellendus veniam aut eos ratione quaerat alias non unde',	-132,	-34,	'video',	0,	'2023-04-11 10:40:18',	'2023-04-11 10:40:18',	NULL),
('99043fdc-527e-4e5d-baa7-09fc23754d9a',	'e099908d-5b0e-42d6-8e9b-2b299570a476',	'https://api.scudo.catif.me/uploads/videos/c9321071-6447-47e0-a4ff-c758b8d60008.mp4',	'Quisquam necessitatibus mollitia.',	'repellat adipisci dicta dolorum est ut aut corrupti autem aliquid numquam asperiores aut ad nesciunt ipsum quisquam dignissimos quisquam sunt autem sequi eum dignissimos qui',	-48,	17,	'video',	0,	'2023-04-11 10:40:26',	'2023-04-11 10:40:26',	NULL),
('9a317ca1-dd0c-48f1-9096-f50970520053',	'3093f2f6-0598-437d-80ea-5541df959601',	'https://api.scudo.catif.me/uploads/videos/1af4cc4c-2759-433d-af70-ab06e87fb841.mp4',	'Harum maxime pariatur.',	'voluptatem cum et adipisci sint accusamus ut sed aliquid et praesentium deleniti illo doloremque ullam fuga nostrum sit dolorem eum earum aut beatae et nobis',	-102,	35,	'video',	0,	'2023-04-11 10:40:45',	'2023-04-11 10:40:45',	NULL),
('9a854c96-5ea2-46e3-ac56-c03ea40af519',	'c7d3c1fa-d81d-4cb4-a2a4-400ead517b06',	'https://api.scudo.catif.me/uploads/videos/1af4cc4c-2759-433d-af70-ab06e87fb841.mp4',	'Harum sunt.',	'est eligendi itaque quos at est quibusdam sed magnam maxime ab rem ad et quia odio animi sequi inventore distinctio qui dolorem accusantium et at',	-118,	-27,	'video',	0,	'2023-04-11 10:40:16',	'2023-04-11 10:40:16',	NULL),
('9bca315e-7cd2-4356-b304-fecac22daedd',	'4c1fee80-eecb-47ef-9042-c7a5330371bb',	'https://api.scudo.catif.me/uploads/videos/c9321071-6447-47e0-a4ff-c758b8d60008.mp4',	'Minima hic officiis.',	'et sed non dignissimos quis possimus eveniet cumque iusto illum suscipit quidem sint laudantium odit et nam sed ut officiis vel sapiente vel voluptas beatae',	38,	-35,	'video',	0,	'2023-04-11 10:40:34',	'2023-04-11 10:40:34',	NULL),
('9c88a352-dd4a-47d6-89a1-f0cfba1b41e4',	'ab9d2bbd-b01a-4a9f-b8a7-1667646bac42',	'https://api.scudo.catif.me/uploads/videos/1af4cc4c-2759-433d-af70-ab06e87fb841.mp4',	'Qui repudiandae in itaque.',	'earum repudiandae aut exercitationem excepturi amet nesciunt aliquam sed eum omnis natus officiis ullam repellendus omnis totam sequi nobis et et odio in quas dolorum',	-89,	-22,	'video',	0,	'2023-04-11 10:40:37',	'2023-04-11 10:40:37',	NULL),
('9c983c05-69c1-4c45-9a65-a40d1e8e511c',	'778abb31-ef75-498f-9adb-7346b7c33b09',	'https://api.scudo.catif.me/uploads/videos/c9321071-6447-47e0-a4ff-c758b8d60008.mp4',	'Rerum veniam sed.',	'rem quia distinctio autem et ducimus magni similique eos est qui iusto qui voluptatem enim quia culpa molestiae deleniti ut accusamus et in similique similique',	70,	-20,	'video',	0,	'2023-04-11 10:40:14',	'2023-04-11 10:40:14',	NULL),
('9ce81438-817f-49fc-965c-522d565f2875',	'd9391056-02c5-4ea7-8084-1a94e69685f6',	'https://api.scudo.catif.me/uploads/videos/c9321071-6447-47e0-a4ff-c758b8d60008.mp4',	'Natus commodi.',	'soluta quibusdam repudiandae cumque quia vel et cum sequi ut hic recusandae odit eum ducimus esse assumenda quia reprehenderit voluptatem unde sed assumenda cupiditate sit',	-159,	34,	'video',	0,	'2023-04-11 10:40:52',	'2023-04-11 10:40:52',	NULL),
('9e28ee93-660c-4ec3-90e6-184b638af04f',	'e099908d-5b0e-42d6-8e9b-2b299570a476',	'https://api.scudo.catif.me/uploads/videos/c9321071-6447-47e0-a4ff-c758b8d60008.mp4',	'Quo blanditiis qui perspiciatis.',	'quis id et quae quos voluptas fugit rerum et sequi quos amet dolores neque soluta excepturi aut eum repudiandae cum illum ut omnis quibusdam commodi',	-121,	79,	'video',	0,	'2023-04-11 10:40:25',	'2023-04-11 10:40:25',	NULL),
('a05169c6-bc37-4a3d-bc07-aa67e37ae0e7',	'e099908d-5b0e-42d6-8e9b-2b299570a476',	'https://api.scudo.catif.me/uploads/videos/1af4cc4c-2759-433d-af70-ab06e87fb841.mp4',	'Id dignissimos occaecati.',	'possimus excepturi ratione est commodi ipsa voluptatem at nesciunt sit in rerum amet repellendus nulla perspiciatis explicabo veniam voluptatibus provident assumenda voluptatem vero et impedit',	-171,	-29,	'video',	0,	'2023-04-11 10:40:27',	'2023-04-11 10:40:27',	NULL),
('a0c40e04-a331-442e-9d3b-80acf8b6ef5c',	'3093f2f6-0598-437d-80ea-5541df959601',	'https://api.scudo.catif.me/uploads/videos/c9321071-6447-47e0-a4ff-c758b8d60008.mp4',	'Sit aut non.',	'autem quia adipisci commodi modi error et recusandae error non et id ad doloribus veritatis alias aperiam quo quos accusantium ipsam sit est officiis sed',	148,	66,	'video',	0,	'2023-04-11 10:40:45',	'2023-04-11 10:40:45',	NULL),
('a15470e8-de33-4e6d-b0a3-a7c99158deda',	'e099908d-5b0e-42d6-8e9b-2b299570a476',	'https://api.scudo.catif.me/uploads/videos/c9321071-6447-47e0-a4ff-c758b8d60008.mp4',	'Ullam maxime delectus velit.',	'quia quo veniam porro et est eveniet qui qui accusantium et deserunt ut qui est nihil sed et minima cum asperiores eius corrupti voluptates sit',	41,	-1,	'video',	0,	'2023-04-11 10:40:25',	'2023-04-11 10:40:25',	NULL),
('a3a1edfa-8f77-404a-8ea9-4ce8dcdca99a',	'cf640723-d4f3-444c-910c-c5ba2aada28a',	'https://api.scudo.catif.me/uploads/videos/8f835e73-1f62-4378-9530-b70a0711be46.mp4',	'Sed optio unde.',	'voluptatibus est repudiandae sit deleniti id esse consequatur excepturi quos eos eligendi inventore dolorem asperiores assumenda quae ut sit dolores iure sunt id iure possimus',	-144,	8,	'video',	0,	'2023-04-11 10:40:29',	'2023-04-11 10:40:29',	NULL),
('a3d1bac7-ab4f-4cd2-b4fe-0877a5ab3586',	'ab465e62-d09f-4d5c-84ff-32c95b3d9cf8',	'https://api.scudo.catif.me/uploads/videos/c9321071-6447-47e0-a4ff-c758b8d60008.mp4',	'Adipisci officia sint.',	'non iste rerum sequi rerum voluptatem in temporibus dolores omnis eos quidem et ut vel maxime omnis dolores vel illum aut sapiente nostrum aperiam nostrum',	4,	89,	'video',	0,	'2023-04-11 10:40:40',	'2023-04-11 10:40:40',	NULL),
('a54a0b4a-aecb-47ae-a083-8f2c1c334f58',	'4c1fee80-eecb-47ef-9042-c7a5330371bb',	'https://api.scudo.catif.me/uploads/videos/c9321071-6447-47e0-a4ff-c758b8d60008.mp4',	'Necessitatibus nostrum.',	'nesciunt voluptate accusamus esse et sapiente commodi cupiditate fugiat amet et vitae quisquam labore quisquam ipsa in cumque quae est velit aut soluta inventore in',	58,	-7,	'video',	0,	'2023-04-11 10:40:34',	'2023-04-11 10:40:34',	NULL),
('a8a76d4f-6387-40d3-a02a-fa3452358bb8',	'c3d2b52f-e38f-454a-b56a-b73fba9e9f99',	'https://api.scudo.catif.me/uploads/videos/c9321071-6447-47e0-a4ff-c758b8d60008.mp4',	'Neque fugiat omnis.',	'ut expedita omnis quae est dolorem sunt autem molestias illum voluptatem modi dolore est eos aut voluptate ut praesentium dolor autem voluptas ut eos occaecati',	-152,	-44,	'video',	0,	'2023-04-11 10:40:47',	'2023-04-11 10:40:47',	NULL),
('a9816091-d2ee-4d35-866e-bc15332fa3eb',	'c7d3c1fa-d81d-4cb4-a2a4-400ead517b06',	'https://api.scudo.catif.me/uploads/videos/8f835e73-1f62-4378-9530-b70a0711be46.mp4',	'Corrupti asperiores ut quia.',	'dolorem quisquam accusantium eligendi et accusantium voluptatem dolor quo a possimus consequuntur soluta a beatae maxime et dolores dignissimos maxime ad quia sint vero et',	-164,	50,	'video',	0,	'2023-04-11 10:40:17',	'2023-04-11 10:40:17',	NULL),
('a98ef202-117c-4973-a389-c5858d712688',	'c7d3c1fa-d81d-4cb4-a2a4-400ead517b06',	'https://api.scudo.catif.me/uploads/videos/8f835e73-1f62-4378-9530-b70a0711be46.mp4',	'Adipisci non ullam necessitatibus.',	'magnam vero doloribus suscipit magnam aliquam eaque sit et odit deserunt et odit suscipit dicta consequatur ut beatae quia iure voluptas est veritatis et voluptas',	-49,	23,	'video',	0,	'2023-04-11 10:40:16',	'2023-04-11 10:40:16',	NULL),
('aa28add7-4c05-4e91-a287-0a5e832f52cd',	'4c1fee80-eecb-47ef-9042-c7a5330371bb',	'https://api.scudo.catif.me/uploads/videos/c9321071-6447-47e0-a4ff-c758b8d60008.mp4',	'Nesciunt qui at maiores.',	'molestias et voluptate veniam aut dolorem sit eos et voluptate laudantium non aperiam iste commodi officia repellendus at molestias et minima necessitatibus dignissimos possimus aspernatur',	-33,	44,	'video',	0,	'2023-04-11 10:40:35',	'2023-04-11 10:40:35',	NULL),
('ad734586-4614-4108-aa80-443c2ff6ade4',	'778abb31-ef75-498f-9adb-7346b7c33b09',	'https://api.scudo.catif.me/uploads/videos/c9321071-6447-47e0-a4ff-c758b8d60008.mp4',	'Est asperiores non corporis.',	'nesciunt laudantium soluta quia asperiores dolor voluptates qui consectetur aut suscipit tempore et sint animi sunt quae doloribus in accusamus mollitia eligendi et laboriosam ut',	-128,	19,	'video',	0,	'2023-04-11 10:40:12',	'2023-04-11 10:40:12',	NULL),
('ae7ba4cb-b820-4100-ad4d-5aca9622222f',	'ab465e62-d09f-4d5c-84ff-32c95b3d9cf8',	'https://api.scudo.catif.me/uploads/videos/8f835e73-1f62-4378-9530-b70a0711be46.mp4',	'Quo molestiae enim quia.',	'hic voluptas ut ipsam iure mollitia cumque vero nihil molestiae eveniet ad quia sit quibusdam reprehenderit enim dolores et id consequatur ullam sed aut ut',	-174,	-68,	'video',	0,	'2023-04-11 10:40:42',	'2023-04-11 10:40:42',	NULL),
('aeee1a61-115d-428b-a50a-1b02ec5a16f9',	'cf640723-d4f3-444c-910c-c5ba2aada28a',	'https://api.scudo.catif.me/uploads/videos/1af4cc4c-2759-433d-af70-ab06e87fb841.mp4',	'Qui qui doloribus.',	'rerum sed numquam ut tempora et est qui consequatur quia error omnis laborum vitae blanditiis a consequatur dicta commodi placeat corporis et nobis error quo',	87,	46,	'video',	0,	'2023-04-11 10:40:30',	'2023-04-11 10:40:30',	NULL),
('b12a3ab2-6212-4389-8895-7f5727cda55b',	'd9391056-02c5-4ea7-8084-1a94e69685f6',	'https://api.scudo.catif.me/uploads/videos/c9321071-6447-47e0-a4ff-c758b8d60008.mp4',	'Corporis distinctio quaerat quaerat.',	'asperiores tempora sed ipsum necessitatibus veritatis cum corrupti qui distinctio dignissimos est esse corrupti aperiam nihil odit fuga molestiae omnis nisi nihil magnam quisquam est',	-80,	90,	'video',	0,	'2023-04-11 10:40:53',	'2023-04-11 10:40:53',	NULL),
('b1d0f926-fd0b-4bf5-ab0d-0853e8bcb1af',	'166a0ea0-f5c9-4e90-9c5a-6c36b1c2b10c',	'https://api.scudo.catif.me/uploads/videos/1af4cc4c-2759-433d-af70-ab06e87fb841.mp4',	'Incidunt et.',	'praesentium qui debitis ut id magnam officia facilis et corrupti labore est culpa aut quis mollitia expedita vero amet fugiat nesciunt aliquam quod labore sequi',	-74,	-49,	'video',	0,	'2023-04-11 10:40:23',	'2023-04-11 10:40:23',	NULL),
('b5481f2c-d97c-4bc7-a111-0e1651409e23',	'd9391056-02c5-4ea7-8084-1a94e69685f6',	'https://api.scudo.catif.me/uploads/videos/c9321071-6447-47e0-a4ff-c758b8d60008.mp4',	'Ducimus illum ipsam ullam.',	'modi et qui quaerat dolorum earum harum beatae enim saepe recusandae labore praesentium totam eius non modi illo velit quis et modi nihil fugiat aut',	-147,	-61,	'video',	0,	'2023-04-11 10:40:53',	'2023-04-11 10:40:53',	NULL),
('b627ee9e-2017-4387-b333-c15f6b3826ed',	'c3d2b52f-e38f-454a-b56a-b73fba9e9f99',	'https://api.scudo.catif.me/uploads/videos/c9321071-6447-47e0-a4ff-c758b8d60008.mp4',	'Laborum optio excepturi.',	'incidunt voluptas inventore eos et eos consectetur et repellat repellendus consequatur nostrum quas dolores fuga ut voluptas voluptatum beatae blanditiis dolorum saepe et enim sequi',	39,	10,	'video',	0,	'2023-04-11 10:40:48',	'2023-04-11 10:40:48',	NULL),
('b6fef3b5-e503-4574-a6cc-c912056e3d25',	'166a0ea0-f5c9-4e90-9c5a-6c36b1c2b10c',	'https://api.scudo.catif.me/uploads/videos/c9321071-6447-47e0-a4ff-c758b8d60008.mp4',	'Id officiis beatae sit pariatur.',	'esse optio ut non tenetur provident fuga iure et aut beatae quibusdam libero vel voluptatibus dolorem exercitationem deleniti aut voluptatum labore at totam et amet',	106,	59,	'video',	0,	'2023-04-11 10:40:22',	'2023-04-11 10:40:22',	NULL),
('b934e612-f568-415d-989d-08fcbf99ae84',	'd9391056-02c5-4ea7-8084-1a94e69685f6',	'https://api.scudo.catif.me/uploads/videos/c9321071-6447-47e0-a4ff-c758b8d60008.mp4',	'Ratione officiis libero.',	'culpa et autem est repellendus est voluptas architecto corporis aut voluptas et nihil tempore quia possimus nobis repellendus similique et sapiente libero illo quaerat sit',	86,	-44,	'video',	0,	'2023-04-11 10:40:51',	'2023-04-11 10:40:51',	NULL),
('bce71fc9-3f6b-4fac-a0f6-e48b2951ccfa',	'166a0ea0-f5c9-4e90-9c5a-6c36b1c2b10c',	'https://api.scudo.catif.me/uploads/videos/c9321071-6447-47e0-a4ff-c758b8d60008.mp4',	'Consequatur odit occaecati voluptate.',	'necessitatibus quasi excepturi soluta nihil qui odio optio itaque sapiente dolor soluta et in saepe ullam facilis non distinctio aperiam autem voluptates consequatur tenetur aliquid',	48,	-43,	'video',	0,	'2023-04-11 10:40:24',	'2023-04-11 10:40:24',	NULL),
('bde4b290-2f45-45be-bbf7-311e4a92ffdb',	'ab465e62-d09f-4d5c-84ff-32c95b3d9cf8',	'https://api.scudo.catif.me/uploads/videos/c9321071-6447-47e0-a4ff-c758b8d60008.mp4',	'Doloremque quae ut explicabo.',	'expedita rerum deserunt voluptate modi rerum nobis aut cumque sunt quaerat aliquam id illum est distinctio ut optio laudantium quam corrupti eos est temporibus nam',	50,	26,	'video',	0,	'2023-04-11 10:40:42',	'2023-04-11 10:40:42',	NULL),
('c2df1c22-9fa9-4393-8023-e561feb13859',	'c3d2b52f-e38f-454a-b56a-b73fba9e9f99',	'https://api.scudo.catif.me/uploads/videos/8f835e73-1f62-4378-9530-b70a0711be46.mp4',	'Et voluptates repellat.',	'eaque sint nostrum aut exercitationem qui recusandae beatae nobis explicabo dolorum repudiandae ipsam id molestiae reiciendis aliquid et voluptas voluptatibus aperiam sint quasi alias non',	-130,	-69,	'video',	0,	'2023-04-11 10:40:48',	'2023-04-11 10:40:48',	NULL),
('c40cc46e-5619-4da1-b0c3-73fb976f5220',	'3093f2f6-0598-437d-80ea-5541df959601',	'https://api.scudo.catif.me/uploads/videos/c9321071-6447-47e0-a4ff-c758b8d60008.mp4',	'Cupiditate velit.',	'laboriosam tempore laudantium ipsam qui consequuntur id aut ut commodi vero id et reprehenderit numquam vitae doloribus delectus corrupti voluptas temporibus beatae rerum quidem sit',	-106,	38,	'video',	0,	'2023-04-11 10:40:46',	'2023-04-11 10:40:46',	NULL),
('c9bbfd35-924a-4078-8482-3df9eafda3b6',	'c7d3c1fa-d81d-4cb4-a2a4-400ead517b06',	'https://api.scudo.catif.me/uploads/videos/1af4cc4c-2759-433d-af70-ab06e87fb841.mp4',	'Inventore libero sint.',	'quibusdam velit quam quas qui sequi dolor beatae rerum eum accusantium et sit ea ut molestiae facilis porro et nihil autem quos nobis numquam fugiat',	1,	-38,	'video',	0,	'2023-04-11 10:40:16',	'2023-04-11 10:40:16',	NULL),
('cad08bfa-4172-4c3e-a492-0e2efbd695ba',	'4c1fee80-eecb-47ef-9042-c7a5330371bb',	'https://api.scudo.catif.me/uploads/videos/c9321071-6447-47e0-a4ff-c758b8d60008.mp4',	'Inventore et.',	'qui quo ut commodi aliquam alias tenetur officia nulla id consequatur enim autem accusamus voluptates nihil quos sapiente aut aspernatur atque repellat aut exercitationem atque',	114,	3,	'video',	0,	'2023-04-11 10:40:33',	'2023-04-11 10:40:33',	NULL),
('ce7cbb57-efe0-4117-8951-c7c75979e2d5',	'c3d2b52f-e38f-454a-b56a-b73fba9e9f99',	'https://api.scudo.catif.me/uploads/videos/1af4cc4c-2759-433d-af70-ab06e87fb841.mp4',	'Nam ullam blanditiis incidunt consectetur.',	'voluptatum non nulla aut eos qui odio aliquam ab velit doloremque reprehenderit error rem laborum dolorem voluptas culpa reprehenderit eius cumque explicabo sunt nobis quam',	-4,	-45,	'video',	0,	'2023-04-11 10:40:46',	'2023-04-11 10:40:46',	NULL),
('ce810831-1b84-4dc7-80e0-bad2bcdedec8',	'cf640723-d4f3-444c-910c-c5ba2aada28a',	'https://api.scudo.catif.me/uploads/videos/c9321071-6447-47e0-a4ff-c758b8d60008.mp4',	'Similique ut quibusdam laborum.',	'eum qui laboriosam enim laborum commodi eum dicta doloribus vitae aliquid neque rerum itaque quia itaque consectetur autem rerum molestiae eaque possimus at enim provident',	54,	83,	'video',	0,	'2023-04-11 10:40:30',	'2023-04-11 10:40:30',	NULL),
('d00f95ab-c43d-45e0-a156-fd96661986ad',	'ab9d2bbd-b01a-4a9f-b8a7-1667646bac42',	'https://api.scudo.catif.me/uploads/videos/c9321071-6447-47e0-a4ff-c758b8d60008.mp4',	'Laboriosam explicabo sed.',	'adipisci aut et doloribus quia culpa quos eos et ea non aut distinctio quia dolor repellat cupiditate libero deserunt quia perferendis ad quo autem voluptatem',	-83,	-52,	'video',	0,	'2023-04-11 10:40:36',	'2023-04-11 10:40:36',	NULL),
('d1daec58-d712-46f2-92a6-4d006637ad94',	'4c1fee80-eecb-47ef-9042-c7a5330371bb',	'https://api.scudo.catif.me/uploads/videos/8f835e73-1f62-4378-9530-b70a0711be46.mp4',	'Blanditiis voluptatibus asperiores labore expedita.',	'ipsam non ea incidunt libero culpa omnis deserunt sapiente recusandae nihil vel est iste quo est eos voluptate dolorem voluptatibus in et sed nihil minima',	-44,	65,	'video',	0,	'2023-04-11 10:40:32',	'2023-04-11 10:40:32',	NULL),
('d3c63573-36dc-48c5-bd0d-9fa15f173feb',	'166a0ea0-f5c9-4e90-9c5a-6c36b1c2b10c',	'https://api.scudo.catif.me/uploads/videos/1af4cc4c-2759-433d-af70-ab06e87fb841.mp4',	'Vero tempore eum provident.',	'quae aut atque qui ut pariatur inventore delectus dolor ea aut saepe facere expedita magni nobis officiis quis id hic est ea aut doloribus vitae',	-4,	-14,	'video',	0,	'2023-04-11 10:40:24',	'2023-04-11 10:40:24',	NULL),
('d662b6ab-8784-4dd3-8524-c05508509ffe',	'ab9d2bbd-b01a-4a9f-b8a7-1667646bac42',	'https://api.scudo.catif.me/uploads/videos/1af4cc4c-2759-433d-af70-ab06e87fb841.mp4',	'Nisi ducimus et.',	'aut aut aut sed eum quis labore animi quis dicta et similique ab sunt ut cupiditate autem voluptate facere similique sint dolor eveniet a occaecati',	163,	-57,	'video',	0,	'2023-04-11 10:40:36',	'2023-04-11 10:40:36',	NULL),
('d6838eb9-55a9-458b-a77e-e4b68fc41a91',	'ab9d2bbd-b01a-4a9f-b8a7-1667646bac42',	'https://api.scudo.catif.me/uploads/videos/c9321071-6447-47e0-a4ff-c758b8d60008.mp4',	'Molestiae iste dicta quidem ut.',	'omnis ut dolorem amet saepe dolorem non suscipit est molestiae nesciunt atque architecto iure ipsum provident dolorem cumque deleniti itaque explicabo nam quis eius atque',	-114,	9,	'video',	0,	'2023-04-11 10:40:36',	'2023-04-11 10:40:36',	NULL),
('d85fc473-12df-49f5-b1a4-1b42a961b5bf',	'cf640723-d4f3-444c-910c-c5ba2aada28a',	'https://api.scudo.catif.me/uploads/videos/8f835e73-1f62-4378-9530-b70a0711be46.mp4',	'Odio aut enim hic.',	'quos illum aliquid necessitatibus vel ex sunt velit ut excepturi quo aut dolorem consectetur nihil facere praesentium tempore et consequuntur voluptatum rerum corporis soluta a',	-124,	-14,	'video',	0,	'2023-04-11 10:40:31',	'2023-04-11 10:40:31',	NULL),
('d9b92ad0-62ce-42d0-b9e0-e9e61f34d5cf',	'ab465e62-d09f-4d5c-84ff-32c95b3d9cf8',	'https://api.scudo.catif.me/uploads/videos/c9321071-6447-47e0-a4ff-c758b8d60008.mp4',	'Odit est quia.',	'culpa iste ut vel qui velit veniam eveniet unde cumque rerum ab repellat similique molestiae aut quis odio eaque deleniti ut assumenda quo ut enim',	-160,	69,	'video',	0,	'2023-04-11 10:40:41',	'2023-04-11 10:40:41',	NULL),
('dc6f8083-9524-4d74-a957-cad5b3f67ca2',	'd9391056-02c5-4ea7-8084-1a94e69685f6',	'https://api.scudo.catif.me/uploads/videos/1af4cc4c-2759-433d-af70-ab06e87fb841.mp4',	'Earum numquam cupiditate aut.',	'omnis dolores impedit adipisci eaque illo pariatur dolor quo numquam voluptatem necessitatibus veniam illum laborum tenetur aut sed dolores ipsa enim dolorum voluptas debitis nulla',	-81,	66,	'video',	0,	'2023-04-11 10:40:52',	'2023-04-11 10:40:52',	NULL),
('df4b8acf-6aef-4052-8143-a5e0963d1eaf',	'd9391056-02c5-4ea7-8084-1a94e69685f6',	'https://api.scudo.catif.me/uploads/videos/1af4cc4c-2759-433d-af70-ab06e87fb841.mp4',	'Eveniet ad animi.',	'quia optio quae rerum rerum sed tenetur dolor nesciunt corporis iusto delectus in soluta quae repellat non sit quas excepturi dolorem voluptates magni voluptatem et',	-51,	-44,	'video',	0,	'2023-04-11 10:40:50',	'2023-04-11 10:40:50',	NULL),
('e16af45d-e2c8-4a2e-9fc9-75ee75eed749',	'ab465e62-d09f-4d5c-84ff-32c95b3d9cf8',	'https://api.scudo.catif.me/uploads/videos/1af4cc4c-2759-433d-af70-ab06e87fb841.mp4',	'Explicabo fugit.',	'veritatis possimus quia ipsum doloribus eos placeat incidunt suscipit et sunt officiis voluptatem earum hic voluptatem cum provident dolorem aut nemo similique provident doloribus adipisci',	27,	41,	'video',	0,	'2023-04-11 10:40:42',	'2023-04-11 10:40:42',	NULL),
('e2c5747a-7eb9-4acc-ba62-4546948f6216',	'3093f2f6-0598-437d-80ea-5541df959601',	'https://api.scudo.catif.me/uploads/videos/c9321071-6447-47e0-a4ff-c758b8d60008.mp4',	'Dolores reiciendis maiores aut.',	'natus minus accusantium et rerum corrupti dolore doloribus dicta consequatur aliquam adipisci sunt perferendis error velit ut ipsam nihil rerum dolore eos ipsa eum vel',	-27,	-74,	'video',	0,	'2023-04-11 10:40:44',	'2023-04-11 10:40:44',	NULL),
('e58cf9c6-181e-4480-a60d-67c93f0dcf06',	'3093f2f6-0598-437d-80ea-5541df959601',	'https://api.scudo.catif.me/uploads/videos/c9321071-6447-47e0-a4ff-c758b8d60008.mp4',	'Qui itaque accusantium est.',	'illum possimus nostrum fuga rerum illum dolor nesciunt sed laudantium aliquam harum error ad pariatur aut vel quod ducimus facilis veniam illo voluptatem cupiditate dolorem',	-44,	-36,	'video',	0,	'2023-04-11 10:40:44',	'2023-04-11 10:40:44',	NULL),
('e6f4ef23-c641-4322-9d8e-4c683422727b',	'ab465e62-d09f-4d5c-84ff-32c95b3d9cf8',	'https://api.scudo.catif.me/uploads/videos/c9321071-6447-47e0-a4ff-c758b8d60008.mp4',	'Quae magnam.',	'sunt nobis quos quaerat quae sed id vel amet minima et dolor nobis perferendis iusto est aut porro id a et in enim dicta reiciendis',	-69,	8,	'video',	0,	'2023-04-11 10:40:40',	'2023-04-11 10:40:40',	NULL),
('e71565b4-8c53-4660-8427-936181d874c4',	'e099908d-5b0e-42d6-8e9b-2b299570a476',	'https://api.scudo.catif.me/uploads/videos/c9321071-6447-47e0-a4ff-c758b8d60008.mp4',	'Quas corrupti eligendi ut quasi.',	'inventore qui sit sint est ut error error non nobis animi enim architecto aut voluptatem quibusdam praesentium aut in ut iure velit nesciunt cumque quod',	-23,	2,	'video',	0,	'2023-04-11 10:40:28',	'2023-04-11 10:40:28',	NULL),
('e806d2af-4b0d-4163-a1ce-08700db40e5a',	'4c1fee80-eecb-47ef-9042-c7a5330371bb',	'https://api.scudo.catif.me/uploads/videos/c9321071-6447-47e0-a4ff-c758b8d60008.mp4',	'Magni molestiae at temporibus.',	'qui praesentium ut velit at aut qui nihil possimus tempore cumque nisi excepturi omnis quis ea eius odio pariatur ut libero unde rerum dolores vero',	170,	69,	'video',	0,	'2023-04-11 10:40:32',	'2023-04-11 10:40:32',	NULL),
('e82e8df3-50a5-4ed5-9bbc-d081494b13fd',	'3093f2f6-0598-437d-80ea-5541df959601',	'https://api.scudo.catif.me/uploads/videos/8f835e73-1f62-4378-9530-b70a0711be46.mp4',	'A accusantium ducimus.',	'numquam quidem eius ut quia aut eos debitis aperiam quaerat nihil dolores eveniet vitae voluptatem eius qui accusamus id repellat quia magnam laudantium sit qui',	-62,	76,	'video',	0,	'2023-04-11 10:40:45',	'2023-04-11 10:40:45',	NULL),
('ea7a4b74-c2f9-4a7b-9ea3-5155ec38fef3',	'ab9d2bbd-b01a-4a9f-b8a7-1667646bac42',	'https://api.scudo.catif.me/uploads/videos/c9321071-6447-47e0-a4ff-c758b8d60008.mp4',	'Minima saepe officiis beatae.',	'quo sint est numquam atque itaque ipsam recusandae illum id temporibus ullam in officia harum nisi cum sit nam ut voluptatem ut saepe rerum aut',	-118,	-47,	'video',	0,	'2023-04-11 10:40:38',	'2023-04-11 10:40:38',	NULL),
('ebc834e5-c002-48fa-9b4f-76da86f35c9c',	'c7d3c1fa-d81d-4cb4-a2a4-400ead517b06',	'https://api.scudo.catif.me/uploads/videos/c9321071-6447-47e0-a4ff-c758b8d60008.mp4',	'Provident eos provident suscipit facere.',	'in illum dolores ex inventore aperiam veniam non laboriosam ea quia odit tempore ipsa sunt expedita quae labore perspiciatis officiis perferendis similique est iure vero',	-109,	36,	'video',	0,	'2023-04-11 10:40:17',	'2023-04-11 10:40:17',	NULL),
('ecfc6ce7-853a-4057-9144-242507c15b82',	'166a0ea0-f5c9-4e90-9c5a-6c36b1c2b10c',	'https://api.scudo.catif.me/uploads/videos/8f835e73-1f62-4378-9530-b70a0711be46.mp4',	'Et dolor repellat magni.',	'saepe itaque aut saepe sit qui quasi aut quam inventore fugit harum rerum praesentium at exercitationem ut incidunt ea eveniet voluptatum eius numquam neque id',	15,	73,	'video',	0,	'2023-04-11 10:40:22',	'2023-04-11 10:40:22',	NULL),
('ee025918-1a1e-49aa-aee9-0affc018cee6',	'cf640723-d4f3-444c-910c-c5ba2aada28a',	'https://api.scudo.catif.me/uploads/videos/8f835e73-1f62-4378-9530-b70a0711be46.mp4',	'Veniam assumenda amet voluptatem.',	'natus sit occaecati sequi excepturi aut voluptatem voluptatem iusto rerum maiores natus quaerat a voluptates ducimus molestiae culpa consequatur dolorum voluptatem animi ratione iusto laudantium',	102,	31,	'video',	0,	'2023-04-11 10:40:30',	'2023-04-11 10:40:30',	NULL),
('eecac220-1fa3-4395-b6be-c3f09f1c29c0',	'cf640723-d4f3-444c-910c-c5ba2aada28a',	'https://api.scudo.catif.me/uploads/videos/c9321071-6447-47e0-a4ff-c758b8d60008.mp4',	'Quis est saepe repellendus.',	'neque accusantium saepe dolor non dolorum debitis incidunt tenetur molestias consequuntur consequatur ut rerum deleniti ducimus eveniet doloribus et quia est eveniet sunt dolor atque',	-110,	-84,	'video',	0,	'2023-04-11 10:40:29',	'2023-04-11 10:40:29',	NULL),
('f483aee5-e3a6-44f7-9ad9-1b18fee758ab',	'778abb31-ef75-498f-9adb-7346b7c33b09',	'https://api.scudo.catif.me/uploads/videos/8f835e73-1f62-4378-9530-b70a0711be46.mp4',	'In molestiae qui.',	'vitae veritatis ut excepturi dolores et quisquam explicabo cupiditate at qui et rem voluptates maiores dolor qui error maxime sapiente inventore aliquid quos minus molestiae',	-14,	43,	'video',	0,	'2023-04-11 10:40:13',	'2023-04-11 10:40:13',	NULL),
('f5421bf0-b025-4b81-bcae-4cf85708920a',	'c7d3c1fa-d81d-4cb4-a2a4-400ead517b06',	'https://api.scudo.catif.me/uploads/videos/8f835e73-1f62-4378-9530-b70a0711be46.mp4',	'Quidem esse aspernatur sed.',	'id eaque dolores animi aut soluta dolorem aspernatur et ullam dignissimos facilis ut sit delectus a eligendi autem iure sint voluptatibus quod in dolorem autem',	179,	86,	'video',	0,	'2023-04-11 10:40:18',	'2023-04-11 10:40:18',	NULL),
('fa62f1e4-0aec-4030-b1c5-e508ce14f33a',	'cf640723-d4f3-444c-910c-c5ba2aada28a',	'https://api.scudo.catif.me/uploads/videos/c9321071-6447-47e0-a4ff-c758b8d60008.mp4',	'Mollitia suscipit et doloribus earum.',	'explicabo molestias tempore et officia animi nesciunt debitis ut voluptas commodi ut ea velit consequatur doloremque earum expedita ea enim aut autem nulla animi labore',	-1,	65,	'video',	0,	'2023-04-11 10:40:31',	'2023-04-11 10:40:31',	NULL),
('fb355a85-6b47-4276-a270-72f8e68f73c4',	'cf640723-d4f3-444c-910c-c5ba2aada28a',	'https://api.scudo.catif.me/uploads/videos/8f835e73-1f62-4378-9530-b70a0711be46.mp4',	'Et magni omnis ea temporibus.',	'qui atque sit dignissimos voluptates molestias quaerat distinctio enim aliquam et ullam enim omnis laboriosam sit consectetur vitae necessitatibus consequatur laudantium aut labore ad architecto',	77,	-83,	'video',	0,	'2023-04-11 10:40:31',	'2023-04-11 10:40:31',	NULL),
('fd784e14-b0c5-4dc6-932e-f05848a4ca78',	'c7d3c1fa-d81d-4cb4-a2a4-400ead517b06',	'https://api.scudo.catif.me/uploads/videos/8f835e73-1f62-4378-9530-b70a0711be46.mp4',	'Molestiae quia veniam nihil.',	'tenetur non expedita rerum est excepturi quaerat eum facilis et ipsam dignissimos dignissimos rerum velit maiores quia accusantium veniam accusamus tempora vitae eum vero quasi',	31,	63,	'video',	0,	'2023-04-11 10:40:18',	'2023-04-11 10:40:18',	NULL);

DROP TABLE IF EXISTS `resource_group`;
CREATE TABLE `resource_group` (
  `id_resource` varchar(36) NOT NULL,
  `id_group` varchar(36) NOT NULL,
  KEY `FK_Resource-Group_Resource_idx` (`id_resource`),
  KEY `FK_Resource-Group_Group_idx` (`id_group`),
  CONSTRAINT `FK_Resource-Group_Group` FOREIGN KEY (`id_group`) REFERENCES `group` (`id_group`),
  CONSTRAINT `FK_Resource-Group_Resource` FOREIGN KEY (`id_resource`) REFERENCES `resource` (`id_resource`)
) ENGINE=InnoDB DEFAULT CHARSET=utf8mb4 COLLATE=utf8mb4_unicode_ci;

INSERT INTO `resource_group` (`id_resource`, `id_group`) VALUES
('77f81e0f-d6e3-4be2-a666-88b6170fa431',	'70792eb3-9553-4e22-b9fe-035964ba0c1f'),
('92d1618a-4bd9-4e4e-9d56-348f9b07dd2b',	'70792eb3-9553-4e22-b9fe-035964ba0c1f'),
('f483aee5-e3a6-44f7-9ad9-1b18fee758ab',	'70792eb3-9553-4e22-b9fe-035964ba0c1f'),
('54b1a2f1-0c1e-4ab6-a5f8-f9e0f76848aa',	'70792eb3-9553-4e22-b9fe-035964ba0c1f'),
('7c61fa4f-1281-4409-b695-874ad4bd1933',	'70792eb3-9553-4e22-b9fe-035964ba0c1f'),
('1d8ccc80-4a3b-4da5-82a6-7a4b4aa675be',	'f82d030d-2630-434f-a94d-406e8ae37ebf'),
('572accc9-94e8-4e7e-85ae-e96f5ca70b81',	'f82d030d-2630-434f-a94d-406e8ae37ebf'),
('21a34bc6-d462-4f50-b9c0-bc8512c8128d',	'f82d030d-2630-434f-a94d-406e8ae37ebf'),
('0f975ab8-d6ae-4134-aa42-f71ad2bcf411',	'f82d030d-2630-434f-a94d-406e8ae37ebf'),
('9c983c05-69c1-4c45-9a65-a40d1e8e511c',	'f82d030d-2630-434f-a94d-406e8ae37ebf'),
('1da87bf1-f05a-40fa-a6b0-b05bc1814f06',	'07eb434c-3140-4291-a8f8-d7539ccc1204'),
('526f1f7c-acdb-48a4-8832-dbfd9543d282',	'07eb434c-3140-4291-a8f8-d7539ccc1204'),
('a9816091-d2ee-4d35-866e-bc15332fa3eb',	'07eb434c-3140-4291-a8f8-d7539ccc1204'),
('0c47f513-22b9-4c90-90aa-8ab71e36c2d6',	'07eb434c-3140-4291-a8f8-d7539ccc1204'),
('ebc834e5-c002-48fa-9b4f-76da86f35c9c',	'07eb434c-3140-4291-a8f8-d7539ccc1204'),
('36d52e02-cc10-4055-a974-dfa159d4a19d',	'7bb99080-931d-40b9-8949-b98a4338b15c'),
('98dd1f9b-0487-4fc6-9ce4-0f86bc4ef6e2',	'7bb99080-931d-40b9-8949-b98a4338b15c'),
('54e17fde-b935-4cd3-abc3-b803a985e5d6',	'7bb99080-931d-40b9-8949-b98a4338b15c'),
('f5421bf0-b025-4b81-bcae-4cf85708920a',	'7bb99080-931d-40b9-8949-b98a4338b15c'),
('fd784e14-b0c5-4dc6-932e-f05848a4ca78',	'7bb99080-931d-40b9-8949-b98a4338b15c'),
('b6fef3b5-e503-4574-a6cc-c912056e3d25',	'c6f8a15a-d334-44f9-b8d1-74051968b17c'),
('232b4aa3-768a-43bf-99e4-6e4e2ac7bf96',	'c6f8a15a-d334-44f9-b8d1-74051968b17c'),
('0907e287-815b-41c4-847e-ff4c0923a643',	'c6f8a15a-d334-44f9-b8d1-74051968b17c'),
('1d27f12d-af71-4e92-9c8f-56f4339e9c94',	'c6f8a15a-d334-44f9-b8d1-74051968b17c'),
('b1d0f926-fd0b-4bf5-ab0d-0853e8bcb1af',	'c6f8a15a-d334-44f9-b8d1-74051968b17c'),
('1ae33833-c6a8-4e6a-a629-3c48bd9014ef',	'43474374-71fc-48cf-aa64-b61a612fbc00'),
('5561453e-c2bd-4f29-8ed5-83200db9b414',	'43474374-71fc-48cf-aa64-b61a612fbc00'),
('bce71fc9-3f6b-4fac-a0f6-e48b2951ccfa',	'43474374-71fc-48cf-aa64-b61a612fbc00'),
('8e540dc8-b4bd-4c39-8ffb-4d1ff064a65e',	'43474374-71fc-48cf-aa64-b61a612fbc00'),
('d3c63573-36dc-48c5-bd0d-9fa15f173feb',	'43474374-71fc-48cf-aa64-b61a612fbc00'),
('8ca8f2b3-6af3-409f-9de1-1b3384a97733',	'f7ff6e50-dd16-4910-9032-983b34eb3d26'),
('6a0bf258-b064-46f1-9162-013a1c2eb03a',	'f7ff6e50-dd16-4910-9032-983b34eb3d26'),
('3165f08b-9c94-413f-a91b-cd35649d53d6',	'f7ff6e50-dd16-4910-9032-983b34eb3d26'),
('99043fdc-527e-4e5d-baa7-09fc23754d9a',	'f7ff6e50-dd16-4910-9032-983b34eb3d26'),
('4535c6df-ba6b-43cf-b9ee-f7c8eaf1aa24',	'f7ff6e50-dd16-4910-9032-983b34eb3d26'),
('2602f6df-49be-4d92-8cdf-46d4dddb7b64',	'af4ff5e4-d6cf-4766-b881-8b729999864e'),
('1621220c-fd19-4b60-ba4a-8ee914b756aa',	'af4ff5e4-d6cf-4766-b881-8b729999864e'),
('65b93b8a-a488-4103-afad-2eb11430832b',	'af4ff5e4-d6cf-4766-b881-8b729999864e'),
('a05169c6-bc37-4a3d-bc07-aa67e37ae0e7',	'af4ff5e4-d6cf-4766-b881-8b729999864e'),
('e71565b4-8c53-4660-8427-936181d874c4',	'af4ff5e4-d6cf-4766-b881-8b729999864e'),
('a3a1edfa-8f77-404a-8ea9-4ce8dcdca99a',	'd6b95c20-2c31-486b-b81e-c8db2abfea06'),
('ce810831-1b84-4dc7-80e0-bad2bcdedec8',	'd6b95c20-2c31-486b-b81e-c8db2abfea06'),
('ee025918-1a1e-49aa-aee9-0affc018cee6',	'd6b95c20-2c31-486b-b81e-c8db2abfea06'),
('aeee1a61-115d-428b-a50a-1b02ec5a16f9',	'd6b95c20-2c31-486b-b81e-c8db2abfea06'),
('37fb0fe9-77f5-4a02-a20f-a139904a6e9c',	'd6b95c20-2c31-486b-b81e-c8db2abfea06'),
('fa62f1e4-0aec-4030-b1c5-e508ce14f33a',	'f3073252-e860-498f-b607-27e11347f159'),
('8f3eb31b-4f0d-44f0-b133-958350c71dea',	'f3073252-e860-498f-b607-27e11347f159'),
('fb355a85-6b47-4276-a270-72f8e68f73c4',	'f3073252-e860-498f-b607-27e11347f159'),
('18e0bef0-9f3f-43ee-b216-7d5e4301575c',	'f3073252-e860-498f-b607-27e11347f159'),
('d85fc473-12df-49f5-b1a4-1b42a961b5bf',	'f3073252-e860-498f-b607-27e11347f159'),
('cad08bfa-4172-4c3e-a492-0e2efbd695ba',	'9fb69309-d7ed-4ac1-833b-f2e08610bed1'),
('72f881dd-f442-4183-b540-9f049b6b468d',	'9fb69309-d7ed-4ac1-833b-f2e08610bed1'),
('a54a0b4a-aecb-47ae-a083-8f2c1c334f58',	'9fb69309-d7ed-4ac1-833b-f2e08610bed1'),
('9bca315e-7cd2-4356-b304-fecac22daedd',	'9fb69309-d7ed-4ac1-833b-f2e08610bed1'),
('00951d5d-cb88-43a6-949f-e4a8535aa92f',	'9fb69309-d7ed-4ac1-833b-f2e08610bed1'),
('7d9f4cef-e5e6-49e1-870f-6da934ff995d',	'c2ed47de-1382-47cc-9997-24c5d5be0802'),
('351bc9bf-c894-4364-b4db-d9232855bb9a',	'c2ed47de-1382-47cc-9997-24c5d5be0802'),
('aa28add7-4c05-4e91-a287-0a5e832f52cd',	'c2ed47de-1382-47cc-9997-24c5d5be0802'),
('4f88851a-f58b-4ce2-96fb-008f29c3579a',	'c2ed47de-1382-47cc-9997-24c5d5be0802'),
('4d39c82e-b777-4904-a5f6-2d6c9ea73d1d',	'c2ed47de-1382-47cc-9997-24c5d5be0802'),
('414de36b-229f-462d-bf57-ede80de5a31a',	'885ef4d2-e86c-4798-ad3b-26856bb8d44b'),
('2717160e-b039-4aa0-a49f-a55bba17cfb2',	'885ef4d2-e86c-4798-ad3b-26856bb8d44b'),
('925ae455-d0b0-47af-9d15-134141d9b080',	'885ef4d2-e86c-4798-ad3b-26856bb8d44b'),
('1d8599d1-8695-458f-802c-9303e0d12c9c',	'885ef4d2-e86c-4798-ad3b-26856bb8d44b'),
('9c88a352-dd4a-47d6-89a1-f0cfba1b41e4',	'885ef4d2-e86c-4798-ad3b-26856bb8d44b'),
('ea7a4b74-c2f9-4a7b-9ea3-5155ec38fef3',	'cbc15cfe-77dd-4633-9644-c285d17b0589'),
('88edf19a-5046-4366-be6b-28c644a4aeab',	'cbc15cfe-77dd-4633-9644-c285d17b0589'),
('047eb157-3ab3-4fa3-a8b8-edfbf1a88f7d',	'cbc15cfe-77dd-4633-9644-c285d17b0589'),
('5eedc0c2-9ed1-4232-a0a9-8ccf99dcd350',	'cbc15cfe-77dd-4633-9644-c285d17b0589'),
('75b67cb8-035e-4067-b84b-d0fd19f6025b',	'cbc15cfe-77dd-4633-9644-c285d17b0589'),
('63c94b3e-1ebc-471f-9b52-88cedc4d6a1e',	'9fc4bd1a-817a-41cd-9ba8-d9ebc9e07cb5'),
('39704877-3c9f-4015-8cfc-f9d90afcb539',	'9fc4bd1a-817a-41cd-9ba8-d9ebc9e07cb5'),
('2846f278-a42a-41f4-80ab-08abec8a7795',	'9fc4bd1a-817a-41cd-9ba8-d9ebc9e07cb5'),
('39bbdcad-836e-4a8b-92e7-745345cd4f9a',	'9fc4bd1a-817a-41cd-9ba8-d9ebc9e07cb5'),
('d9b92ad0-62ce-42d0-b9e0-e9e61f34d5cf',	'9fc4bd1a-817a-41cd-9ba8-d9ebc9e07cb5'),
('ae7ba4cb-b820-4100-ad4d-5aca9622222f',	'009cf6e4-7ee0-4557-86ad-153b7f79ddf5'),
('e16af45d-e2c8-4a2e-9fc9-75ee75eed749',	'009cf6e4-7ee0-4557-86ad-153b7f79ddf5'),
('bde4b290-2f45-45be-bbf7-311e4a92ffdb',	'009cf6e4-7ee0-4557-86ad-153b7f79ddf5'),
('601c419f-3e29-4af9-a6f5-814ee39f0d38',	'009cf6e4-7ee0-4557-86ad-153b7f79ddf5'),
('4cad2662-cafc-4755-8f32-d9a1f99b63e4',	'009cf6e4-7ee0-4557-86ad-153b7f79ddf5'),
('e2c5747a-7eb9-4acc-ba62-4546948f6216',	'81431ccb-575a-4e5f-bad4-515c597ef2a1'),
('e58cf9c6-181e-4480-a60d-67c93f0dcf06',	'81431ccb-575a-4e5f-bad4-515c597ef2a1'),
('1cc40bc5-3cc5-4ee9-ad95-0e074380a8ae',	'81431ccb-575a-4e5f-bad4-515c597ef2a1'),
('a0c40e04-a331-442e-9d3b-80acf8b6ef5c',	'81431ccb-575a-4e5f-bad4-515c597ef2a1'),
('7dfd5d7d-3346-4fdf-850e-a66ca8260f5b',	'81431ccb-575a-4e5f-bad4-515c597ef2a1'),
('9a317ca1-dd0c-48f1-9096-f50970520053',	'0f1445d7-3845-484a-bd8f-496100cc1c13'),
('e82e8df3-50a5-4ed5-9bbc-d081494b13fd',	'0f1445d7-3845-484a-bd8f-496100cc1c13'),
('5ba57d87-7560-4573-96b2-597c7ce591d6',	'0f1445d7-3845-484a-bd8f-496100cc1c13'),
('c40cc46e-5619-4da1-b0c3-73fb976f5220',	'0f1445d7-3845-484a-bd8f-496100cc1c13'),
('4e9c0134-6a11-4bc5-b2e1-1a9a3e77fbf1',	'0f1445d7-3845-484a-bd8f-496100cc1c13'),
('007cdcb9-2705-4198-b462-c719155e10ad',	'ab9a3fdc-f12b-4563-a49e-a6999acc9bbf'),
('a8a76d4f-6387-40d3-a02a-fa3452358bb8',	'ab9a3fdc-f12b-4563-a49e-a6999acc9bbf'),
('b627ee9e-2017-4387-b333-c15f6b3826ed',	'ab9a3fdc-f12b-4563-a49e-a6999acc9bbf'),
('6decd15a-d102-4803-aeeb-d60a1a4d4b3f',	'ab9a3fdc-f12b-4563-a49e-a6999acc9bbf'),
('2fd4e869-7544-4174-a2fc-f09a4e90a5f7',	'ab9a3fdc-f12b-4563-a49e-a6999acc9bbf'),
('282c3c29-52b3-44f7-9f19-865884fca2ff',	'd7844f36-951b-4d4b-a634-1fd7fa2ab05b'),
('c2df1c22-9fa9-4393-8023-e561feb13859',	'd7844f36-951b-4d4b-a634-1fd7fa2ab05b'),
('044e88ce-c160-4a05-8759-129ef06c3248',	'd7844f36-951b-4d4b-a634-1fd7fa2ab05b'),
('85904280-20e8-42c8-8991-a3ea2f4620ed',	'd7844f36-951b-4d4b-a634-1fd7fa2ab05b'),
('4071844b-0451-4321-8c92-b0897bfd7bfb',	'd7844f36-951b-4d4b-a634-1fd7fa2ab05b'),
('621317d3-8c94-439e-986f-b31e915e005c',	'c7a3b5ab-5a00-4953-95ec-6514a2d81d6d'),
('b934e612-f568-415d-989d-08fcbf99ae84',	'c7a3b5ab-5a00-4953-95ec-6514a2d81d6d'),
('9381859a-8316-410d-8d3c-74a0dcba38f8',	'c7a3b5ab-5a00-4953-95ec-6514a2d81d6d'),
('5ad19dfb-891f-426f-ad7e-5c94f098f598',	'c7a3b5ab-5a00-4953-95ec-6514a2d81d6d'),
('6bc147cb-c5e9-4e44-a64c-1d55d5c37683',	'c7a3b5ab-5a00-4953-95ec-6514a2d81d6d'),
('dc6f8083-9524-4d74-a957-cad5b3f67ca2',	'22cc7d7e-c18a-457a-82d1-48cee19cc6e9'),
('9ce81438-817f-49fc-965c-522d565f2875',	'22cc7d7e-c18a-457a-82d1-48cee19cc6e9'),
('8f093457-e2e1-4cf0-83e1-93ec59d7585d',	'22cc7d7e-c18a-457a-82d1-48cee19cc6e9'),
('b5481f2c-d97c-4bc7-a111-0e1651409e23',	'22cc7d7e-c18a-457a-82d1-48cee19cc6e9'),
('b12a3ab2-6212-4389-8895-7f5727cda55b',	'22cc7d7e-c18a-457a-82d1-48cee19cc6e9');

DROP TABLE IF EXISTS `user`;
CREATE TABLE `user` (
  `id_user` varchar(36) NOT NULL,
  `fullname` varchar(250) DEFAULT NULL,
  `username` varchar(250) NOT NULL,
  `email` varchar(250) NOT NULL,
  `password` varchar(250) NOT NULL,
  `biography` varchar(1000) NOT NULL,
  `phone` varchar(45) DEFAULT NULL,
  `image` varchar(250) DEFAULT NULL,
  `role` varchar(250) NOT NULL,
  `created_at` timestamp NOT NULL,
  `updated_at` timestamp NULL DEFAULT NULL,
  PRIMARY KEY (`id_user`)
) ENGINE=InnoDB DEFAULT CHARSET=utf8mb4 COLLATE=utf8mb4_unicode_ci;

INSERT INTO `user` (`id_user`, `fullname`, `username`, `email`, `password`, `biography`, `phone`, `image`, `role`, `created_at`, `updated_at`) VALUES
('0191fc86-2c6d-4f0c-bc6c-4c30014e58f4',	'Albertha Auer',	'krogahn',	'lbashirian@hotmail.com',	'$2y$12$hX4glqcp1XVqteS3OaJ91.6ZmKga6XXaQ2R1jIRxbMnVIKwC09QJq',	'Qui doloremque soluta ut placeat autem molestiae velit. Quasi minima harum quia debitis nulla autem at sapiente. Maxime dicta dolores ut.',	'0650366517',	'https://via.placeholder.com/500x500.png/002211?text=quo',	'professional',	'2023-04-11 10:40:19',	'2023-04-11 10:40:19'),
('11daf518-5ed5-4c25-9e9e-80cd880c3f74',	'Lucie Heidenreich',	'guido.mayert',	'cmurazik@yahoo.com',	'$2y$12$orjetVVOPVgMDsIWnYYzluOboh6/WJRpD3ALZWfXIYsmq64H0PkUS',	'Rerum sit odit sequi laboriosam. Aliquam dolore ab deserunt debitis accusamus reiciendis velit.',	'0650366517',	'https://via.placeholder.com/500x500.png/00ff77?text=illo',	'professional',	'2023-04-11 10:40:15',	'2023-04-11 10:40:15'),
('166a0ea0-f5c9-4e90-9c5a-6c36b1c2b10c',	'Savanna Walsh',	'amara.muller',	'desiree.bergnaum@hotmail.com',	'$2y$12$4BMnoQHORBolDsT3DHQPPebhwNbAHLrLgrGUg94.aDoo0okjWKNZO',	'Qui excepturi recusandae quasi ea fugit fuga reprehenderit. Rerum rerum nulla quibusdam eius aspernatur tempore. Quisquam non ratione voluptatem eius ut omnis numquam ad.',	NULL,	'https://via.placeholder.com/500x500.png/0044bb?text=saepe',	'user',	'2023-04-11 10:40:22',	'2023-04-11 10:40:22'),
('23a0adf0-9f8d-4b1d-8694-9448231ec080',	'Vivienne Abbott',	'akertzmann',	'ubins@effertz.net',	'$2y$12$fSAv4rYfbRVZf9lhh2x6pubRde9wza2r0rrhTAnL.r4vbyWDMzUu2',	'Temporibus culpa qui consequatur id dolores ut porro fuga. Veniam quisquam esse eius et. Est aut aspernatur in explicabo dolor nam.',	'0650366517',	'https://via.placeholder.com/500x500.png/00eeaa?text=eveniet',	'professional',	'2023-04-11 10:40:39',	'2023-04-11 10:40:39'),
('2d1d7009-ecd4-44f4-a212-83a03ee03b43',	'Sunny Hand',	'clinton.hintz',	'virginie.rodriguez@gottlieb.net',	'$2y$12$Srw1t.UyImoFimmbFbr/QOx63kfjDNOHYeHh64XwNEN0LdeZBvQ2m',	'Placeat porro repellendus est animi eum est maiores. Eveniet nostrum dolores esse provident suscipit.',	'0650366517',	'https://via.placeholder.com/500x500.png/000000?text=consequatur',	'professional',	'2023-04-11 10:40:20',	'2023-04-11 10:40:20'),
('3093f2f6-0598-437d-80ea-5541df959601',	'Leatha Bernhard',	'qcarter',	'prau@waelchi.com',	'$2y$12$Wh4xqYdjm6f4AfDvN5h0JehXPeaOvEEAbwkPUe56e8qt73jUHw8Ia',	'Aut aliquam officiis qui. Qui consectetur et accusamus delectus reprehenderit rerum.',	NULL,	'https://via.placeholder.com/500x500.png/00ff88?text=doloremque',	'user',	'2023-04-11 10:40:43',	'2023-04-11 10:40:43'),
('46253fb7-ae4b-40f5-a1f1-2f1acdc387d9',	'Ian Turcotte',	'floy97',	'stiedemann.tom@rolfson.com',	'$2y$12$WxcsXWRmYuKqwutPHJtI8eqvlgO9qUrTVJqhS90R7Teo995B9CkW.',	'Ratione officiis provident possimus amet est laboriosam. Nobis qui perspiciatis debitis quis. Sequi quia autem sed.',	'0650366517',	'https://via.placeholder.com/500x500.png/00eeff?text=vel',	'professional',	'2023-04-11 10:40:15',	'2023-04-11 10:40:15'),
('4a05df1e-8987-48dc-8f07-869924138eef',	'Tyrel Gerhold',	'tabitha31',	'kayli74@yahoo.com',	'$2y$12$RC4pkhenxbI76A071MxDCez3QXGXXBvm.sNa6wGF3Hb1tvv4siP8e',	'Qui placeat et facere blanditiis sapiente ratione possimus. Aut quis accusamus est autem ipsum quisquam est quibusdam.',	'0650366517',	'https://via.placeholder.com/500x500.png/009900?text=omnis',	'professional',	'2023-04-11 10:40:50',	'2023-04-11 10:40:50'),
('4c1fee80-eecb-47ef-9042-c7a5330371bb',	'Abdiel Mayer',	'maria05',	'satterfield.carroll@mraz.org',	'$2y$12$EfnJFlGaitxTOQWZwatAouFI0WUpLzhTSL0UcHYev/816DjIBl9xe',	'Qui provident hic beatae minus. Eos excepturi suscipit necessitatibus unde quia.',	NULL,	'https://via.placeholder.com/500x500.png/0022bb?text=omnis',	'user',	'2023-04-11 10:40:32',	'2023-04-11 10:40:32'),
('5daff4c0-5d41-4375-bebe-f36b793e5de3',	'Stacey Larson',	'qdamore',	'lauriane77@pacocha.org',	'$2y$12$1tARmpI4C3KdKx9XMaBRH.07IeXRB0Un//SX2x2iO3dChGmV8AW1y',	'Ut autem ipsa deleniti molestias adipisci sit voluptas officiis. Tempore dolorem est id praesentium aliquam.',	'0650366517',	'https://via.placeholder.com/500x500.png/00dddd?text=laborum',	'professional',	'2023-04-11 10:40:39',	'2023-04-11 10:40:39'),
('700e91b4-7711-42a0-8a16-b4c6df06641c',	'Guiseppe Homenick',	'jade.schimmel',	'mstreich@hotmail.com',	'$2y$12$IIzTTnkne5enSiub7ec4Jev79hwP5yl2gZ3mP30dVmw0oEmarUed6',	'Nihil repellat est dignissimos sunt. Sapiente odit aliquam numquam repellendus non et.',	'0650366517',	'https://via.placeholder.com/500x500.png/006688?text=consequatur',	'professional',	'2023-04-11 10:40:19',	'2023-04-11 10:40:19'),
('752822db-994b-4517-806f-9bc656f123a4',	'Ayana Bahringer',	'yazmin89',	'petra.crooks@gmail.com',	'$2y$12$6fFPjjkQDBbfCq0HE9Yn2uk7aClyDx57KwBkpY9XK51Uzm28fTw3q',	'Laboriosam veniam quo non sit. Dolorem quae consequatur aperiam sint aut nihil.',	'0650366517',	'https://via.placeholder.com/500x500.png/00bb88?text=quaerat',	'professional',	'2023-04-11 10:40:14',	'2023-04-11 10:40:14'),
('778abb31-ef75-498f-9adb-7346b7c33b09',	'Audreanne Huel',	'lon.rosenbaum',	'pagac.braulio@gmail.com',	'$2y$12$v1HfFcZKxAIcciNEMPl8c.ZvnxD4Q5lXnuNus9RWv77MJIuQRT1PG',	'Dolor incidunt omnis nemo enim. Eveniet neque rerum totam vitae rerum.',	NULL,	'https://via.placeholder.com/500x500.png/0088cc?text=vitae',	'user',	'2023-04-11 10:40:11',	'2023-04-11 10:40:11'),
('9efc2087-2a62-4683-a258-f74bd18db4be',	'Tatyana Mraz',	'abigail23',	'aaliyah62@heidenreich.com',	'$2y$12$g8xKyBEqTl0Kb7FVF0BizuvJmTqgZ1lafFVAxF9jNNZ.10vBjr00O',	'Nihil ratione in iste itaque eos necessitatibus. Deleniti placeat blanditiis cupiditate vel sunt voluptatem exercitationem. Iusto rem amet omnis sunt quaerat aut odit aut.',	'0650366517',	'https://via.placeholder.com/500x500.png/0066ff?text=sunt',	'professional',	'2023-04-11 10:40:21',	'2023-04-11 10:40:21'),
('ab465e62-d09f-4d5c-84ff-32c95b3d9cf8',	'Abagail Deckow',	'nick40',	'toconnell@homenick.net',	'$2y$12$434dNIB2BUHD0mdTDP1qt.vULNUDI51EcV.5cUvZMLc2UcDRF2AX2',	'Voluptatem voluptas nesciunt dolores magni dolor est aut nihil. Aut rerum beatae necessitatibus praesentium enim sint.',	NULL,	'https://via.placeholder.com/500x500.png/003300?text=earum',	'user',	'2023-04-11 10:40:40',	'2023-04-11 10:40:40'),
('ab9d2bbd-b01a-4a9f-b8a7-1667646bac42',	'Guido Leuschke',	'lafayette33',	'konopelski.mark@lubowitz.biz',	'$2y$12$LJrd2P15WTgQB6KnrdSmLu0Ou1n4D/c/4t.PdM6U2MxkTbxoAWAHW',	'Sint dolorem iusto ex esse. Harum non delectus dolor non natus fuga neque.',	NULL,	'https://via.placeholder.com/500x500.png/00cc55?text=quos',	'user',	'2023-04-11 10:40:36',	'2023-04-11 10:40:36'),
('c3d2b52f-e38f-454a-b56a-b73fba9e9f99',	'Lea Schinner',	'sawayn.colby',	'mylene.langworth@lakin.com',	'$2y$12$riQ4OJnKx4HV1BVwXSjQLeslKheO7wpJ/sWXO0GQsnvrpqB0jX92y',	'Blanditiis et non ratione itaque illo maiores accusamus. Magnam facere sit quia est voluptas.',	NULL,	'https://via.placeholder.com/500x500.png/00ddbb?text=nihil',	'user',	'2023-04-11 10:40:46',	'2023-04-11 10:40:46'),
('c7d3c1fa-d81d-4cb4-a2a4-400ead517b06',	'Guadalupe Dicki',	'javonte18',	'roberta19@feeney.net',	'$2y$12$en7eTi4Gi8c5B50YCaKGpegXeMf.4uOpyMo.0Mor0ZjMCWcPWYOBy',	'Ullam minus harum quaerat laborum veniam sint. Aperiam asperiores sint voluptas sint eveniet dolores voluptatem. Reiciendis deleniti quae doloremque delectus qui.',	NULL,	'https://via.placeholder.com/500x500.png/00cc99?text=fugit',	'user',	'2023-04-11 10:40:16',	'2023-04-11 10:40:16'),
('cf640723-d4f3-444c-910c-c5ba2aada28a',	'Ken Friesen',	'shanahan.garrett',	'ariane.zboncak@hotmail.com',	'$2y$12$KpMHh7uIhnTkijFm0VRDaOHCmUf1jsgKcj7aqRxDOyUSGvmnsmVjq',	'Vel modi dolores in ea et sint id impedit. Vitae dolore omnis explicabo aut qui. Nihil est aut quidem voluptas corporis.',	NULL,	'https://via.placeholder.com/500x500.png/00ee00?text=est',	'user',	'2023-04-11 10:40:29',	'2023-04-11 10:40:29'),
('d2bff481-41ef-4282-8b87-ba9b413ca8b0',	'Marshall Morissette',	'demetris41',	'reymundo.gusikowski@bradtke.net',	'$2y$12$DSyw5qNAn7uI61rUYfQkfubjbRd8Cg0LtsQYtRe7xUUskufTqa3.K',	'Totam itaque omnis atque quaerat voluptate mollitia ut. Perspiciatis tempora in mollitia mollitia est.',	'0650366517',	'https://via.placeholder.com/500x500.png/0022ee?text=incidunt',	'professional',	'2023-04-11 10:40:28',	'2023-04-11 10:40:28'),
('d38b41b0-c8ec-4f37-b5e5-ad69c56658d2',	'Susana Oberbrunner',	'hoeger.dee',	'cathy.corkery@gmail.com',	'$2y$12$tamzPlfBWlwEPWT3mnGIDOe4CoNzCRqAyNugk3GA44MwcQV9pqc/u',	'In ullam ut pariatur sed assumenda assumenda qui. Ut repellendus minima iure.',	'0650366517',	'https://via.placeholder.com/500x500.png/00ffee?text=doloremque',	'professional',	'2023-04-11 10:40:21',	'2023-04-11 10:40:21'),
('d9391056-02c5-4ea7-8084-1a94e69685f6',	'Cody Halvorson',	'cmcdermott',	'oran59@johns.com',	'$2y$12$ouIpLAQ84hT6KD9uL7o.mem37KP4vfsGcE8ND6F8j8mSDEosgTUce',	'Pariatur maxime necessitatibus officia ad eos. Sit velit odio est quod. Minima omnis qui totam quos.',	NULL,	'https://via.placeholder.com/500x500.png/00aa33?text=omnis',	'user',	'2023-04-11 10:40:50',	'2023-04-11 10:40:50'),
('dc0fadae-3bf4-4e30-9daf-52b8fcc024b6',	'Rosie Leuschke',	'dorris12',	'ukunze@zieme.com',	'$2y$12$WSnozqqCuGLi5gK8uSgIPu8dOKUekKel4clACHfCjQ6z5kYPqsavK',	'Amet quidem voluptatum sit similique. Distinctio voluptas et ipsam ipsum voluptatem sequi.',	'0650366517',	'https://via.placeholder.com/500x500.png/0033aa?text=laudantium',	'professional',	'2023-04-11 10:40:20',	'2023-04-11 10:40:20'),
('e099908d-5b0e-42d6-8e9b-2b299570a476',	'Jan Kessler',	'lweber',	'edach@hotmail.com',	'$2y$12$KAfboqa0g7ZnQLXuP.HLvuXCx0A/8p9rtoQ0DZ9ILnN1sYDSSq7..',	'Unde ratione temporibus odit quia nostrum. Enim ab molestiae quia voluptatem cupiditate maxime quod eos. Harum aperiam laboriosam ut ad suscipit.',	NULL,	'https://via.placeholder.com/500x500.png/006688?text=magnam',	'user',	'2023-04-11 10:40:25',	'2023-04-11 10:40:25'),
('edf8e845-22ce-4ac5-9d40-088d73a0c781',	'Shayne Kiehn',	'brennan.sanford',	'ericka58@kautzer.com',	'$2y$12$BDZXtXfTP1kSdXIg7NUaaubUdPSt6NbG6V3/XHE1TBwPH7/ZhFUMy',	'Quo a et aut voluptas. Animi voluptas sed fugiat voluptas. Et ad consectetur autem commodi pariatur doloribus.',	'0650366517',	'https://via.placeholder.com/500x500.png/00ccbb?text=et',	'professional',	'2023-04-11 10:40:32',	'2023-04-11 10:40:32');

DROP TABLE IF EXISTS `user_follow`;
CREATE TABLE `user_follow` (
  `id_user` varchar(36) NOT NULL,
  `id_user_followed` varchar(36) NOT NULL,
  KEY `FK_User-Follow_User_idx` (`id_user`),
  KEY `FK_User-Follow_User2_idx` (`id_user_followed`),
  CONSTRAINT `FK_User-Follow_User` FOREIGN KEY (`id_user`) REFERENCES `user` (`id_user`),
  CONSTRAINT `FK_User-Follow_User2` FOREIGN KEY (`id_user_followed`) REFERENCES `user` (`id_user`)
) ENGINE=InnoDB DEFAULT CHARSET=utf8mb4 COLLATE=utf8mb4_unicode_ci;

INSERT INTO `user_follow` (`id_user`, `id_user_followed`) VALUES
('0191fc86-2c6d-4f0c-bc6c-4c30014e58f4',	'752822db-994b-4517-806f-9bc656f123a4'),
('700e91b4-7711-42a0-8a16-b4c6df06641c',	'700e91b4-7711-42a0-8a16-b4c6df06641c'),
('2d1d7009-ecd4-44f4-a212-83a03ee03b43',	'752822db-994b-4517-806f-9bc656f123a4'),
('dc0fadae-3bf4-4e30-9daf-52b8fcc024b6',	'11daf518-5ed5-4c25-9e9e-80cd880c3f74'),
('9efc2087-2a62-4683-a258-f74bd18db4be',	'9efc2087-2a62-4683-a258-f74bd18db4be'),
('d38b41b0-c8ec-4f37-b5e5-ad69c56658d2',	'46253fb7-ae4b-40f5-a1f1-2f1acdc387d9'),
('166a0ea0-f5c9-4e90-9c5a-6c36b1c2b10c',	'11daf518-5ed5-4c25-9e9e-80cd880c3f74'),
('e099908d-5b0e-42d6-8e9b-2b299570a476',	'752822db-994b-4517-806f-9bc656f123a4'),
('d2bff481-41ef-4282-8b87-ba9b413ca8b0',	'e099908d-5b0e-42d6-8e9b-2b299570a476'),
('cf640723-d4f3-444c-910c-c5ba2aada28a',	'700e91b4-7711-42a0-8a16-b4c6df06641c'),
('edf8e845-22ce-4ac5-9d40-088d73a0c781',	'd2bff481-41ef-4282-8b87-ba9b413ca8b0'),
('4c1fee80-eecb-47ef-9042-c7a5330371bb',	'752822db-994b-4517-806f-9bc656f123a4'),
('ab9d2bbd-b01a-4a9f-b8a7-1667646bac42',	'ab9d2bbd-b01a-4a9f-b8a7-1667646bac42'),
('23a0adf0-9f8d-4b1d-8694-9448231ec080',	'ab9d2bbd-b01a-4a9f-b8a7-1667646bac42'),
('5daff4c0-5d41-4375-bebe-f36b793e5de3',	'cf640723-d4f3-444c-910c-c5ba2aada28a'),
('ab465e62-d09f-4d5c-84ff-32c95b3d9cf8',	'cf640723-d4f3-444c-910c-c5ba2aada28a'),
('3093f2f6-0598-437d-80ea-5541df959601',	'3093f2f6-0598-437d-80ea-5541df959601'),
('c3d2b52f-e38f-454a-b56a-b73fba9e9f99',	'46253fb7-ae4b-40f5-a1f1-2f1acdc387d9'),
('4a05df1e-8987-48dc-8f07-869924138eef',	'11daf518-5ed5-4c25-9e9e-80cd880c3f74'),
('d9391056-02c5-4ea7-8084-1a94e69685f6',	'e099908d-5b0e-42d6-8e9b-2b299570a476');

DROP TABLE IF EXISTS `user_group`;
CREATE TABLE `user_group` (
  `id_user` varchar(36) NOT NULL,
  `id_group` varchar(36) NOT NULL,
  `role` varchar(250) NOT NULL,
  KEY `FK_User-Group_User_idx` (`id_user`),
  KEY `FK_User-Group_Group_idx` (`id_group`),
  CONSTRAINT `FK_User-Group_Group` FOREIGN KEY (`id_group`) REFERENCES `group` (`id_group`),
  CONSTRAINT `FK_User-Group_User` FOREIGN KEY (`id_user`) REFERENCES `user` (`id_user`)
) ENGINE=InnoDB DEFAULT CHARSET=utf8mb4 COLLATE=utf8mb4_unicode_ci;

INSERT INTO `user_group` (`id_user`, `id_group`, `role`) VALUES
('778abb31-ef75-498f-9adb-7346b7c33b09',	'70792eb3-9553-4e22-b9fe-035964ba0c1f',	'owner'),
('778abb31-ef75-498f-9adb-7346b7c33b09',	'f82d030d-2630-434f-a94d-406e8ae37ebf',	'owner'),
('752822db-994b-4517-806f-9bc656f123a4',	'3b8f3296-d676-4d73-aa03-fd820cf254b3',	'owner'),
('752822db-994b-4517-806f-9bc656f123a4',	'f2c1b067-8c64-49ab-a765-ec50556fec97',	'owner'),
('46253fb7-ae4b-40f5-a1f1-2f1acdc387d9',	'2a72b028-d15b-4ce3-9f81-97d3b82fe8d7',	'owner'),
('46253fb7-ae4b-40f5-a1f1-2f1acdc387d9',	'9a597b01-7f88-4a1a-b877-4de8a73bd822',	'owner'),
('11daf518-5ed5-4c25-9e9e-80cd880c3f74',	'3d7841c2-4e2c-47b2-a7a6-5582ed1b5311',	'owner'),
('11daf518-5ed5-4c25-9e9e-80cd880c3f74',	'e664b74c-bc57-4d0e-b7ac-1f6ef0e4fa3c',	'owner'),
('c7d3c1fa-d81d-4cb4-a2a4-400ead517b06',	'07eb434c-3140-4291-a8f8-d7539ccc1204',	'owner'),
('c7d3c1fa-d81d-4cb4-a2a4-400ead517b06',	'7bb99080-931d-40b9-8949-b98a4338b15c',	'owner'),
('0191fc86-2c6d-4f0c-bc6c-4c30014e58f4',	'1649cc1e-13ba-4180-91f0-7cfd92d3dbef',	'owner'),
('0191fc86-2c6d-4f0c-bc6c-4c30014e58f4',	'474d83ab-6a69-4604-a63c-2ed728bbe807',	'owner'),
('700e91b4-7711-42a0-8a16-b4c6df06641c',	'6ecbd805-d8e3-46fc-9ab9-53e2bbf69b19',	'owner'),
('700e91b4-7711-42a0-8a16-b4c6df06641c',	'15504dbd-b504-4105-9582-6ed77b17fa5c',	'owner'),
('2d1d7009-ecd4-44f4-a212-83a03ee03b43',	'3bcf1ff5-0787-48c7-8847-bdefa1f1966e',	'owner'),
('2d1d7009-ecd4-44f4-a212-83a03ee03b43',	'4d4e6400-29af-4a38-aaec-0f5b419e600b',	'owner'),
('dc0fadae-3bf4-4e30-9daf-52b8fcc024b6',	'530951b4-818b-49e2-a981-307f289bc1ce',	'owner'),
('dc0fadae-3bf4-4e30-9daf-52b8fcc024b6',	'8a9921ee-87e6-4ec6-9dc7-ec1b0e2a3c30',	'owner'),
('9efc2087-2a62-4683-a258-f74bd18db4be',	'8e489137-f0ee-4218-815b-62c92f10fef0',	'owner'),
('9efc2087-2a62-4683-a258-f74bd18db4be',	'd19d725c-358c-4843-8a77-2c3f7573737c',	'owner'),
('d38b41b0-c8ec-4f37-b5e5-ad69c56658d2',	'063544ec-ba80-495d-8559-ec0d689f81ef',	'owner'),
('d38b41b0-c8ec-4f37-b5e5-ad69c56658d2',	'a0f4df8a-2410-4c7b-ae88-1406d809883b',	'owner'),
('166a0ea0-f5c9-4e90-9c5a-6c36b1c2b10c',	'c6f8a15a-d334-44f9-b8d1-74051968b17c',	'owner'),
('166a0ea0-f5c9-4e90-9c5a-6c36b1c2b10c',	'43474374-71fc-48cf-aa64-b61a612fbc00',	'owner'),
('e099908d-5b0e-42d6-8e9b-2b299570a476',	'f7ff6e50-dd16-4910-9032-983b34eb3d26',	'owner'),
('e099908d-5b0e-42d6-8e9b-2b299570a476',	'af4ff5e4-d6cf-4766-b881-8b729999864e',	'owner'),
('d2bff481-41ef-4282-8b87-ba9b413ca8b0',	'a29dec37-ae2e-4e79-9008-56a42d5a08d4',	'owner'),
('d2bff481-41ef-4282-8b87-ba9b413ca8b0',	'84b700bb-94ab-4816-892f-1aa91678a82e',	'owner'),
('cf640723-d4f3-444c-910c-c5ba2aada28a',	'd6b95c20-2c31-486b-b81e-c8db2abfea06',	'owner'),
('cf640723-d4f3-444c-910c-c5ba2aada28a',	'f3073252-e860-498f-b607-27e11347f159',	'owner'),
('edf8e845-22ce-4ac5-9d40-088d73a0c781',	'06eb35d1-9de7-4289-a30f-2334d609224e',	'owner'),
('edf8e845-22ce-4ac5-9d40-088d73a0c781',	'307aff30-1580-49bf-ba29-f20a45377d4a',	'owner'),
('4c1fee80-eecb-47ef-9042-c7a5330371bb',	'9fb69309-d7ed-4ac1-833b-f2e08610bed1',	'owner'),
('4c1fee80-eecb-47ef-9042-c7a5330371bb',	'c2ed47de-1382-47cc-9997-24c5d5be0802',	'owner'),
('ab9d2bbd-b01a-4a9f-b8a7-1667646bac42',	'885ef4d2-e86c-4798-ad3b-26856bb8d44b',	'owner'),
('ab9d2bbd-b01a-4a9f-b8a7-1667646bac42',	'cbc15cfe-77dd-4633-9644-c285d17b0589',	'owner'),
('23a0adf0-9f8d-4b1d-8694-9448231ec080',	'61e38994-df39-4718-9c23-31755041741e',	'owner'),
('23a0adf0-9f8d-4b1d-8694-9448231ec080',	'79d626b9-2530-4045-ba49-c7fff7feb947',	'owner'),
('5daff4c0-5d41-4375-bebe-f36b793e5de3',	'7ab4c7f6-8e38-4069-afa3-434fe6bda012',	'owner'),
('5daff4c0-5d41-4375-bebe-f36b793e5de3',	'b147320f-0eaf-436d-b961-755ce9cb44ac',	'owner'),
('ab465e62-d09f-4d5c-84ff-32c95b3d9cf8',	'9fc4bd1a-817a-41cd-9ba8-d9ebc9e07cb5',	'owner'),
('ab465e62-d09f-4d5c-84ff-32c95b3d9cf8',	'009cf6e4-7ee0-4557-86ad-153b7f79ddf5',	'owner'),
('3093f2f6-0598-437d-80ea-5541df959601',	'81431ccb-575a-4e5f-bad4-515c597ef2a1',	'owner'),
('3093f2f6-0598-437d-80ea-5541df959601',	'0f1445d7-3845-484a-bd8f-496100cc1c13',	'owner'),
('c3d2b52f-e38f-454a-b56a-b73fba9e9f99',	'ab9a3fdc-f12b-4563-a49e-a6999acc9bbf',	'owner'),
('c3d2b52f-e38f-454a-b56a-b73fba9e9f99',	'd7844f36-951b-4d4b-a634-1fd7fa2ab05b',	'owner'),
('4a05df1e-8987-48dc-8f07-869924138eef',	'92e6d9a5-a8ca-473a-b9d8-7fe111872912',	'owner'),
('4a05df1e-8987-48dc-8f07-869924138eef',	'8458cec7-6fe3-4826-a254-83ae076f775a',	'owner'),
('d9391056-02c5-4ea7-8084-1a94e69685f6',	'c7a3b5ab-5a00-4953-95ec-6514a2d81d6d',	'owner'),
('d9391056-02c5-4ea7-8084-1a94e69685f6',	'22cc7d7e-c18a-457a-82d1-48cee19cc6e9',	'owner');

-- 2023-04-11 11:03:06
